,cluster_assignment,analysis_dir,genome,annotation,sex,read_1,reference_prefix,analysis_name,uniq,all,bam
20040_B1,DarkRed,/woldlab/castor/home/sau/flowcells/HFNLNBCX2/20040_B1,mm10,M4,male,20040_B1_*trim50.fastq.gz,-,20040_B1,/woldlab/castor/home/sau/public_html/HFNLNBCX2/20040_B1-mm10-M4-male_uniq.bw,/woldlab/castor/home/sau/public_html/HFNLNBCX2/20040_B1-mm10-M4-male_all.bw,/woldlab/castor/home/sau/flowcells/HFNLNBCX2/20040_B1/20040_B1-mm10-M4-male_genome.bam
20044_A10,DarkRed,/woldlab/castor/home/sau/flowcells/HFNYNBCX2/20044_A10,mm10,M4,male,20044_A10_*.fastq.gz,-,20044_A10,/woldlab/castor/home/sau/public_html/HFNYNBCX2/20044_A10-mm10-M4-male_uniq.bw,/woldlab/castor/home/sau/public_html/HFNYNBCX2/20044_A10-mm10-M4-male_all.bw,/woldlab/castor/home/sau/flowcells/HFNYNBCX2/20044_A10/20044_A10-mm10-M4-male_genome.bam
20042_D4,DarkRed,/woldlab/castor/home/sau/flowcells/HFNLNBCX2/20042_D4,mm10,M4,male,20042_D4_*trim50.fastq.gz,-,20042_D4,/woldlab/castor/home/sau/public_html/HFNLNBCX2/20042_D4-mm10-M4-male_uniq.bw,/woldlab/castor/home/sau/public_html/HFNLNBCX2/20042_D4-mm10-M4-male_all.bw,/woldlab/castor/home/sau/flowcells/HFNLNBCX2/20042_D4/20042_D4-mm10-M4-male_genome.bam
18255_E8,DarkRed,/woldlab/castor/home/sau/flowcells/C1_mouse_limb_combined_Mar_2017/18255_E8_mm10,mm10,M4,male,18255_E8_*.fastq.gz,-,18255_E8_mm10,/woldlab/castor/home/sau/public_html/C1_mouse_limb_combined_Mar_2017/18255_E8_mm10-mm10-M4-male_uniq.bw,/woldlab/castor/home/sau/public_html/C1_mouse_limb_combined_Mar_2017/18255_E8_mm10-mm10-M4-male_all.bw,/woldlab/castor/home/sau/flowcells/C1_mouse_limb_combined_Mar_2017/18255_E8_mm10/18255_E8_mm10-mm10-M4-male_genome.bam
18254_D2,DarkRed,/woldlab/castor/home/sau/flowcells/C1_mouse_limb_combined_Mar_2017/18254_D2_mm10,mm10,M4,male,18254_D2_*.fastq.gz,-,18254_D2_mm10,/woldlab/castor/home/sau/public_html/C1_mouse_limb_combined_Mar_2017/18254_D2_mm10-mm10-M4-male_uniq.bw,/woldlab/castor/home/sau/public_html/C1_mouse_limb_combined_Mar_2017/18254_D2_mm10-mm10-M4-male_all.bw,/woldlab/castor/home/sau/flowcells/C1_mouse_limb_combined_Mar_2017/18254_D2_mm10/18254_D2_mm10-mm10-M4-male_genome.bam
18252_B12,DarkRed,/woldlab/castor/home/sau/flowcells/C1_mouse_limb_combined_Mar_2017/18252_B12_mm10,mm10,M4,male,18252_B12_*.fastq.gz,-,18252_B12_mm10,/woldlab/castor/home/sau/public_html/C1_mouse_limb_combined_Mar_2017/18252_B12_mm10-mm10-M4-male_uniq.bw,/woldlab/castor/home/sau/public_html/C1_mouse_limb_combined_Mar_2017/18252_B12_mm10-mm10-M4-male_all.bw,/woldlab/castor/home/sau/flowcells/C1_mouse_limb_combined_Mar_2017/18252_B12_mm10/18252_B12_mm10-mm10-M4-male_genome.bam
20042_D2,DarkRed,/woldlab/castor/home/sau/flowcells/HFNLNBCX2/20042_D2,mm10,M4,male,20042_D2_*trim50.fastq.gz,-,20042_D2,/woldlab/castor/home/sau/public_html/HFNLNBCX2/20042_D2-mm10-M4-male_uniq.bw,/woldlab/castor/home/sau/public_html/HFNLNBCX2/20042_D2-mm10-M4-male_all.bw,/woldlab/castor/home/sau/flowcells/HFNLNBCX2/20042_D2/20042_D2-mm10-M4-male_genome.bam
18314_D6,DarkRed,/woldlab/castor/home/sau/flowcells/C1_mouse_limb_combined_Mar_2017/18314_D6_mm10,mm10,M4,male,18314_D6_*.fastq.gz,-,18314_D6_mm10,/woldlab/castor/home/sau/public_html/C1_mouse_limb_combined_Mar_2017/18314_D6_mm10-mm10-M4-male_uniq.bw,/woldlab/castor/home/sau/public_html/C1_mouse_limb_combined_Mar_2017/18314_D6_mm10-mm10-M4-male_all.bw,/woldlab/castor/home/sau/flowcells/C1_mouse_limb_combined_Mar_2017/18314_D6_mm10/18314_D6_mm10-mm10-M4-male_genome.bam
18313_C10,DarkRed,/woldlab/castor/home/sau/flowcells/C1_mouse_limb_combined_Mar_2017/18313_C10_mm10,mm10,M4,male,18313_C10_*.fastq.gz,-,18313_C10_mm10,/woldlab/castor/home/sau/public_html/C1_mouse_limb_combined_Mar_2017/18313_C10_mm10-mm10-M4-male_uniq.bw,/woldlab/castor/home/sau/public_html/C1_mouse_limb_combined_Mar_2017/18313_C10_mm10-mm10-M4-male_all.bw,/woldlab/castor/home/sau/flowcells/C1_mouse_limb_combined_Mar_2017/18313_C10_mm10/18313_C10_mm10-mm10-M4-male_genome.bam
20047_D6,DarkRed,/woldlab/castor/home/sau/flowcells/HFNYNBCX2/20047_D6,mm10,M4,male,20047_D6_*.fastq.gz,-,20047_D6,/woldlab/castor/home/sau/public_html/HFNYNBCX2/20047_D6-mm10-M4-male_uniq.bw,/woldlab/castor/home/sau/public_html/HFNYNBCX2/20047_D6-mm10-M4-male_all.bw,/woldlab/castor/home/sau/flowcells/HFNYNBCX2/20047_D6/20047_D6-mm10-M4-male_genome.bam
19917_D1,DarkRed,/woldlab/castor/home/sau/flowcells/H7CNTBCX2/19917_D1,mm10,M4,male,19917_D1_*.fastq.gz,-,19917_D1,/woldlab/castor/home/sau/public_html/H7CNTBCX2/19917_D1-mm10-M4-male_uniq.bw,/woldlab/castor/home/sau/public_html/H7CNTBCX2/19917_D1-mm10-M4-male_all.bw,/woldlab/castor/home/sau/flowcells/H7CNTBCX2/19917_D1/19917_D1-mm10-M4-male_genome.bam
18312_B4,DarkRed,/woldlab/castor/home/sau/flowcells/C1_mouse_limb_combined_Mar_2017/18312_B4_mm10,mm10,M4,male,18312_B4_*.fastq.gz,-,18312_B4_mm10,/woldlab/castor/home/sau/public_html/C1_mouse_limb_combined_Mar_2017/18312_B4_mm10-mm10-M4-male_uniq.bw,/woldlab/castor/home/sau/public_html/C1_mouse_limb_combined_Mar_2017/18312_B4_mm10-mm10-M4-male_all.bw,/woldlab/castor/home/sau/flowcells/C1_mouse_limb_combined_Mar_2017/18312_B4_mm10/18312_B4_mm10-mm10-M4-male_genome.bam
18315_E6,DarkRed,/woldlab/castor/home/sau/flowcells/C1_mouse_limb_combined_Mar_2017/18315_E6_mm10,mm10,M4,male,18315_E6_*.fastq.gz,-,18315_E6_mm10,/woldlab/castor/home/sau/public_html/C1_mouse_limb_combined_Mar_2017/18315_E6_mm10-mm10-M4-male_uniq.bw,/woldlab/castor/home/sau/public_html/C1_mouse_limb_combined_Mar_2017/18315_E6_mm10-mm10-M4-male_all.bw,/woldlab/castor/home/sau/flowcells/C1_mouse_limb_combined_Mar_2017/18315_E6_mm10/18315_E6_mm10-mm10-M4-male_genome.bam
18255_E7,DarkRed,/woldlab/castor/home/sau/flowcells/C1_mouse_limb_combined_Mar_2017/18255_E7_mm10,mm10,M4,male,18255_E7_*.fastq.gz,-,18255_E7_mm10,/woldlab/castor/home/sau/public_html/C1_mouse_limb_combined_Mar_2017/18255_E7_mm10-mm10-M4-male_uniq.bw,/woldlab/castor/home/sau/public_html/C1_mouse_limb_combined_Mar_2017/18255_E7_mm10-mm10-M4-male_all.bw,/woldlab/castor/home/sau/flowcells/C1_mouse_limb_combined_Mar_2017/18255_E7_mm10/18255_E7_mm10-mm10-M4-male_genome.bam
18316_F6,DarkRed,/woldlab/castor/home/sau/flowcells/C1_mouse_limb_combined_Mar_2017/18316_F6_mm10,mm10,M4,male,18316_F6_*.fastq.gz,-,18316_F6_mm10,/woldlab/castor/home/sau/public_html/C1_mouse_limb_combined_Mar_2017/18316_F6_mm10-mm10-M4-male_uniq.bw,/woldlab/castor/home/sau/public_html/C1_mouse_limb_combined_Mar_2017/18316_F6_mm10-mm10-M4-male_all.bw,/woldlab/castor/home/sau/flowcells/C1_mouse_limb_combined_Mar_2017/18316_F6_mm10/18316_F6_mm10-mm10-M4-male_genome.bam
20036_D11,DarkRed,/woldlab/castor/home/sau/flowcells/HF7NTBCX2/20036_D11,mm10,M4,male,20036_D11_*.fastq.gz,-,20036_D11,/woldlab/castor/home/sau/public_html/HF7NTBCX2/20036_D11-mm10-M4-male_uniq.bw,/woldlab/castor/home/sau/public_html/HF7NTBCX2/20036_D11-mm10-M4-male_all.bw,/woldlab/castor/home/sau/flowcells/HF7NTBCX2/20036_D11/20036_D11-mm10-M4-male_genome.bam
19915_B9,DarkRed,/woldlab/castor/home/sau/flowcells/H7CNTBCX2/19915_B9,mm10,M4,male,19915_B9_*.fastq.gz,-,19915_B9,/woldlab/castor/home/sau/public_html/H7CNTBCX2/19915_B9-mm10-M4-male_uniq.bw,/woldlab/castor/home/sau/public_html/H7CNTBCX2/19915_B9-mm10-M4-male_all.bw,/woldlab/castor/home/sau/flowcells/H7CNTBCX2/19915_B9/19915_B9-mm10-M4-male_genome.bam
20040_B6,DarkRed,/woldlab/castor/home/sau/flowcells/HFNLNBCX2/20040_B6,mm10,M4,male,20040_B6_*trim50.fastq.gz,-,20040_B6,/woldlab/castor/home/sau/public_html/HFNLNBCX2/20040_B6-mm10-M4-male_uniq.bw,/woldlab/castor/home/sau/public_html/HFNLNBCX2/20040_B6-mm10-M4-male_all.bw,/woldlab/castor/home/sau/flowcells/HFNLNBCX2/20040_B6/20040_B6-mm10-M4-male_genome.bam
20038_F1,DarkRed,/woldlab/castor/home/sau/flowcells/HF7NTBCX2/20038_F1,mm10,M4,male,20038_F1_*.fastq.gz,-,20038_F1,/woldlab/castor/home/sau/public_html/HF7NTBCX2/20038_F1-mm10-M4-male_uniq.bw,/woldlab/castor/home/sau/public_html/HF7NTBCX2/20038_F1-mm10-M4-male_all.bw,/woldlab/castor/home/sau/flowcells/HF7NTBCX2/20038_F1/20038_F1-mm10-M4-male_genome.bam
20034_B6,DarkRed,/woldlab/castor/home/sau/flowcells/HF7NTBCX2/20034_B6,mm10,M4,male,20034_B6_*.fastq.gz,-,20034_B6,/woldlab/castor/home/sau/public_html/HF7NTBCX2/20034_B6-mm10-M4-male_uniq.bw,/woldlab/castor/home/sau/public_html/HF7NTBCX2/20034_B6-mm10-M4-male_all.bw,/woldlab/castor/home/sau/flowcells/HF7NTBCX2/20034_B6/20034_B6-mm10-M4-male_genome.bam
18263_A2,DarkRed,/woldlab/castor/home/sau/flowcells/C1_mouse_limb_combined_Mar_2017/18263_A2_mm10,mm10,M4,male,18263_A2_*.fastq.gz,-,18263_A2_mm10,/woldlab/castor/home/sau/public_html/C1_mouse_limb_combined_Mar_2017/18263_A2_mm10-mm10-M4-male_uniq.bw,/woldlab/castor/home/sau/public_html/C1_mouse_limb_combined_Mar_2017/18263_A2_mm10-mm10-M4-male_all.bw,/woldlab/castor/home/sau/flowcells/C1_mouse_limb_combined_Mar_2017/18263_A2_mm10/18263_A2_mm10-mm10-M4-male_genome.bam
18252_B8,DarkRed,/woldlab/castor/home/sau/flowcells/C1_mouse_limb_combined_Mar_2017/18252_B8_mm10,mm10,M4,male,18252_B8_*.fastq.gz,-,18252_B8_mm10,/woldlab/castor/home/sau/public_html/C1_mouse_limb_combined_Mar_2017/18252_B8_mm10-mm10-M4-male_uniq.bw,/woldlab/castor/home/sau/public_html/C1_mouse_limb_combined_Mar_2017/18252_B8_mm10-mm10-M4-male_all.bw,/woldlab/castor/home/sau/flowcells/C1_mouse_limb_combined_Mar_2017/18252_B8_mm10/18252_B8_mm10-mm10-M4-male_genome.bam
18255_E4,red,/woldlab/castor/home/sau/flowcells/C1_mouse_limb_combined_Mar_2017/18255_E4_mm10,mm10,M4,male,18255_E4_*.fastq.gz,-,18255_E4_mm10,/woldlab/castor/home/sau/public_html/C1_mouse_limb_combined_Mar_2017/18255_E4_mm10-mm10-M4-male_uniq.bw,/woldlab/castor/home/sau/public_html/C1_mouse_limb_combined_Mar_2017/18255_E4_mm10-mm10-M4-male_all.bw,/woldlab/castor/home/sau/flowcells/C1_mouse_limb_combined_Mar_2017/18255_E4_mm10/18255_E4_mm10-mm10-M4-male_genome.bam
18256_F2,red,/woldlab/castor/home/sau/flowcells/C1_mouse_limb_combined_Mar_2017/18256_F2_mm10,mm10,M4,male,18256_F2_*.fastq.gz,-,18256_F2_mm10,/woldlab/castor/home/sau/public_html/C1_mouse_limb_combined_Mar_2017/18256_F2_mm10-mm10-M4-male_uniq.bw,/woldlab/castor/home/sau/public_html/C1_mouse_limb_combined_Mar_2017/18256_F2_mm10-mm10-M4-male_all.bw,/woldlab/castor/home/sau/flowcells/C1_mouse_limb_combined_Mar_2017/18256_F2_mm10/18256_F2_mm10-mm10-M4-male_genome.bam
18255_E5,red,/woldlab/castor/home/sau/flowcells/C1_mouse_limb_combined_Mar_2017/18255_E5_mm10,mm10,M4,male,18255_E5_*.fastq.gz,-,18255_E5_mm10,/woldlab/castor/home/sau/public_html/C1_mouse_limb_combined_Mar_2017/18255_E5_mm10-mm10-M4-male_uniq.bw,/woldlab/castor/home/sau/public_html/C1_mouse_limb_combined_Mar_2017/18255_E5_mm10-mm10-M4-male_all.bw,/woldlab/castor/home/sau/flowcells/C1_mouse_limb_combined_Mar_2017/18255_E5_mm10/18255_E5_mm10-mm10-M4-male_genome.bam
18252_B11,red,/woldlab/castor/home/sau/flowcells/C1_mouse_limb_combined_Mar_2017/18252_B11_mm10,mm10,M4,male,18252_B11_*.fastq.gz,-,18252_B11_mm10,/woldlab/castor/home/sau/public_html/C1_mouse_limb_combined_Mar_2017/18252_B11_mm10-mm10-M4-male_uniq.bw,/woldlab/castor/home/sau/public_html/C1_mouse_limb_combined_Mar_2017/18252_B11_mm10-mm10-M4-male_all.bw,/woldlab/castor/home/sau/flowcells/C1_mouse_limb_combined_Mar_2017/18252_B11_mm10/18252_B11_mm10-mm10-M4-male_genome.bam
20048_E11,red,/woldlab/castor/home/sau/flowcells/HFNYNBCX2/20048_E11,mm10,M4,male,20048_E11_*.fastq.gz,-,20048_E11,/woldlab/castor/home/sau/public_html/HFNYNBCX2/20048_E11-mm10-M4-male_uniq.bw,/woldlab/castor/home/sau/public_html/HFNYNBCX2/20048_E11-mm10-M4-male_all.bw,/woldlab/castor/home/sau/flowcells/HFNYNBCX2/20048_E11/20048_E11-mm10-M4-male_genome.bam
18311_A9,red,/woldlab/castor/home/sau/flowcells/C1_mouse_limb_combined_Mar_2017/18311_A9_mm10,mm10,M4,male,18311_A9_*.fastq.gz,-,18311_A9_mm10,/woldlab/castor/home/sau/public_html/C1_mouse_limb_combined_Mar_2017/18311_A9_mm10-mm10-M4-male_uniq.bw,/woldlab/castor/home/sau/public_html/C1_mouse_limb_combined_Mar_2017/18311_A9_mm10-mm10-M4-male_all.bw,/woldlab/castor/home/sau/flowcells/C1_mouse_limb_combined_Mar_2017/18311_A9_mm10/18311_A9_mm10-mm10-M4-male_genome.bam
18255_E11,red,/woldlab/castor/home/sau/flowcells/C1_mouse_limb_combined_Mar_2017/18255_E11_mm10,mm10,M4,male,18255_E11_*.fastq.gz,-,18255_E11_mm10,/woldlab/castor/home/sau/public_html/C1_mouse_limb_combined_Mar_2017/18255_E11_mm10-mm10-M4-male_uniq.bw,/woldlab/castor/home/sau/public_html/C1_mouse_limb_combined_Mar_2017/18255_E11_mm10-mm10-M4-male_all.bw,/woldlab/castor/home/sau/flowcells/C1_mouse_limb_combined_Mar_2017/18255_E11_mm10/18255_E11_mm10-mm10-M4-male_genome.bam
20044_A12,red,/woldlab/castor/home/sau/flowcells/HFNYNBCX2/20044_A12,mm10,M4,male,20044_A12_*.fastq.gz,-,20044_A12,/woldlab/castor/home/sau/public_html/HFNYNBCX2/20044_A12-mm10-M4-male_uniq.bw,/woldlab/castor/home/sau/public_html/HFNYNBCX2/20044_A12-mm10-M4-male_all.bw,/woldlab/castor/home/sau/flowcells/HFNYNBCX2/20044_A12/20044_A12-mm10-M4-male_genome.bam
18251_A5,red,/woldlab/castor/home/sau/flowcells/C1_mouse_limb_combined_Mar_2017/18251_A5_mm10,mm10,M4,male,18251_A5_*.fastq.gz,-,18251_A5_mm10,/woldlab/castor/home/sau/public_html/C1_mouse_limb_combined_Mar_2017/18251_A5_mm10-mm10-M4-male_uniq.bw,/woldlab/castor/home/sau/public_html/C1_mouse_limb_combined_Mar_2017/18251_A5_mm10-mm10-M4-male_all.bw,/woldlab/castor/home/sau/flowcells/C1_mouse_limb_combined_Mar_2017/18251_A5_mm10/18251_A5_mm10-mm10-M4-male_genome.bam
20039_A1,red,/woldlab/castor/home/sau/flowcells/HFNLNBCX2/20039_A1,mm10,M4,male,20039_A1_*trim50.fastq.gz,-,20039_A1,/woldlab/castor/home/sau/public_html/HFNLNBCX2/20039_A1-mm10-M4-male_uniq.bw,/woldlab/castor/home/sau/public_html/HFNLNBCX2/20039_A1-mm10-M4-male_all.bw,/woldlab/castor/home/sau/flowcells/HFNLNBCX2/20039_A1/20039_A1-mm10-M4-male_genome.bam
20040_B12,red,/woldlab/castor/home/sau/flowcells/HFNLNBCX2/20040_B12,mm10,M4,male,20040_B12_*trim50.fastq.gz,-,20040_B12,/woldlab/castor/home/sau/public_html/HFNLNBCX2/20040_B12-mm10-M4-male_uniq.bw,/woldlab/castor/home/sau/public_html/HFNLNBCX2/20040_B12-mm10-M4-male_all.bw,/woldlab/castor/home/sau/flowcells/HFNLNBCX2/20040_B12/20040_B12-mm10-M4-male_genome.bam
20044_A5,red,/woldlab/castor/home/sau/flowcells/HFNYNBCX2/20044_A5,mm10,M4,male,20044_A5_*.fastq.gz,-,20044_A5,/woldlab/castor/home/sau/public_html/HFNYNBCX2/20044_A5-mm10-M4-male_uniq.bw,/woldlab/castor/home/sau/public_html/HFNYNBCX2/20044_A5-mm10-M4-male_all.bw,/woldlab/castor/home/sau/flowcells/HFNYNBCX2/20044_A5/20044_A5-mm10-M4-male_genome.bam
18312_B11,red,/woldlab/castor/home/sau/flowcells/C1_mouse_limb_combined_Mar_2017/18312_B11_mm10,mm10,M4,male,18312_B11_*.fastq.gz,-,18312_B11_mm10,/woldlab/castor/home/sau/public_html/C1_mouse_limb_combined_Mar_2017/18312_B11_mm10-mm10-M4-male_uniq.bw,/woldlab/castor/home/sau/public_html/C1_mouse_limb_combined_Mar_2017/18312_B11_mm10-mm10-M4-male_all.bw,/woldlab/castor/home/sau/flowcells/C1_mouse_limb_combined_Mar_2017/18312_B11_mm10/18312_B11_mm10-mm10-M4-male_genome.bam
18317_G2,red,/woldlab/castor/home/sau/flowcells/C1_mouse_limb_combined_Mar_2017/18317_G2_mm10,mm10,M4,male,18317_G2_*.fastq.gz,-,18317_G2_mm10,/woldlab/castor/home/sau/public_html/C1_mouse_limb_combined_Mar_2017/18317_G2_mm10-mm10-M4-male_uniq.bw,/woldlab/castor/home/sau/public_html/C1_mouse_limb_combined_Mar_2017/18317_G2_mm10-mm10-M4-male_all.bw,/woldlab/castor/home/sau/flowcells/C1_mouse_limb_combined_Mar_2017/18317_G2_mm10/18317_G2_mm10-mm10-M4-male_genome.bam
20049_F3,red,/woldlab/castor/home/sau/flowcells/HFNYNBCX2/20049_F3,mm10,M4,male,20049_F3_*.fastq.gz,-,20049_F3,/woldlab/castor/home/sau/public_html/HFNYNBCX2/20049_F3-mm10-M4-male_uniq.bw,/woldlab/castor/home/sau/public_html/HFNYNBCX2/20049_F3-mm10-M4-male_all.bw,/woldlab/castor/home/sau/flowcells/HFNYNBCX2/20049_F3/20049_F3-mm10-M4-male_genome.bam
20048_E12,red,/woldlab/castor/home/sau/flowcells/HFNYNBCX2/20048_E12,mm10,M4,male,20048_E12_*.fastq.gz,-,20048_E12,/woldlab/castor/home/sau/public_html/HFNYNBCX2/20048_E12-mm10-M4-male_uniq.bw,/woldlab/castor/home/sau/public_html/HFNYNBCX2/20048_E12-mm10-M4-male_all.bw,/woldlab/castor/home/sau/flowcells/HFNYNBCX2/20048_E12/20048_E12-mm10-M4-male_genome.bam
18252_B1,red,/woldlab/castor/home/sau/flowcells/C1_mouse_limb_combined_Mar_2017/18252_B1_mm10,mm10,M4,male,18252_B1_*.fastq.gz,-,18252_B1_mm10,/woldlab/castor/home/sau/public_html/C1_mouse_limb_combined_Mar_2017/18252_B1_mm10-mm10-M4-male_uniq.bw,/woldlab/castor/home/sau/public_html/C1_mouse_limb_combined_Mar_2017/18252_B1_mm10-mm10-M4-male_all.bw,/woldlab/castor/home/sau/flowcells/C1_mouse_limb_combined_Mar_2017/18252_B1_mm10/18252_B1_mm10-mm10-M4-male_genome.bam
18311_A6,red,/woldlab/castor/home/sau/flowcells/C1_mouse_limb_combined_Mar_2017/18311_A6_mm10,mm10,M4,male,18311_A6_*.fastq.gz,-,18311_A6_mm10,/woldlab/castor/home/sau/public_html/C1_mouse_limb_combined_Mar_2017/18311_A6_mm10-mm10-M4-male_uniq.bw,/woldlab/castor/home/sau/public_html/C1_mouse_limb_combined_Mar_2017/18311_A6_mm10-mm10-M4-male_all.bw,/woldlab/castor/home/sau/flowcells/C1_mouse_limb_combined_Mar_2017/18311_A6_mm10/18311_A6_mm10-mm10-M4-male_genome.bam
20043_E2,red,/woldlab/castor/home/sau/flowcells/HFNLNBCX2/20043_E2,mm10,M4,male,20043_E2_*trim50.fastq.gz,-,20043_E2,/woldlab/castor/home/sau/public_html/HFNLNBCX2/20043_E2-mm10-M4-male_uniq.bw,/woldlab/castor/home/sau/public_html/HFNLNBCX2/20043_E2-mm10-M4-male_all.bw,/woldlab/castor/home/sau/flowcells/HFNLNBCX2/20043_E2/20043_E2-mm10-M4-male_genome.bam
18315_E10,red,/woldlab/castor/home/sau/flowcells/C1_mouse_limb_combined_Mar_2017/18315_E10_mm10,mm10,M4,male,18315_E10_*.fastq.gz,-,18315_E10_mm10,/woldlab/castor/home/sau/public_html/C1_mouse_limb_combined_Mar_2017/18315_E10_mm10-mm10-M4-male_uniq.bw,/woldlab/castor/home/sau/public_html/C1_mouse_limb_combined_Mar_2017/18315_E10_mm10-mm10-M4-male_all.bw,/woldlab/castor/home/sau/flowcells/C1_mouse_limb_combined_Mar_2017/18315_E10_mm10/18315_E10_mm10-mm10-M4-male_genome.bam
18275_F6,red,/woldlab/castor/home/sau/flowcells/C1_mouse_limb_combined_Mar_2017/18275_F6_mm10,mm10,M4,male,18275_F6_*.fastq.gz,-,18275_F6_mm10,/woldlab/castor/home/sau/public_html/C1_mouse_limb_combined_Mar_2017/18275_F6_mm10-mm10-M4-male_uniq.bw,/woldlab/castor/home/sau/public_html/C1_mouse_limb_combined_Mar_2017/18275_F6_mm10-mm10-M4-male_all.bw,/woldlab/castor/home/sau/flowcells/C1_mouse_limb_combined_Mar_2017/18275_F6_mm10/18275_F6_mm10-mm10-M4-male_genome.bam
18316_F11,red,/woldlab/castor/home/sau/flowcells/C1_mouse_limb_combined_Mar_2017/18316_F11_mm10,mm10,M4,male,18316_F11_*.fastq.gz,-,18316_F11_mm10,/woldlab/castor/home/sau/public_html/C1_mouse_limb_combined_Mar_2017/18316_F11_mm10-mm10-M4-male_uniq.bw,/woldlab/castor/home/sau/public_html/C1_mouse_limb_combined_Mar_2017/18316_F11_mm10-mm10-M4-male_all.bw,/woldlab/castor/home/sau/flowcells/C1_mouse_limb_combined_Mar_2017/18316_F11_mm10/18316_F11_mm10-mm10-M4-male_genome.bam
20026_A5,red,/woldlab/castor/home/sau/flowcells/HFNLTBCX2/20026_A5,mm10,M4,male,20026_A5_*.fastq.gz,-,20026_A5,/woldlab/castor/home/sau/public_html/HFNLTBCX2/20026_A5-mm10-M4-male_uniq.bw,/woldlab/castor/home/sau/public_html/HFNLTBCX2/20026_A5-mm10-M4-male_all.bw,/woldlab/castor/home/sau/flowcells/HFNLTBCX2/20026_A5/20026_A5-mm10-M4-male_genome.bam
20026_A6,red,/woldlab/castor/home/sau/flowcells/HFNLTBCX2/20026_A6,mm10,M4,male,20026_A6_*.fastq.gz,-,20026_A6,/woldlab/castor/home/sau/public_html/HFNLTBCX2/20026_A6-mm10-M4-male_uniq.bw,/woldlab/castor/home/sau/public_html/HFNLTBCX2/20026_A6-mm10-M4-male_all.bw,/woldlab/castor/home/sau/flowcells/HFNLTBCX2/20026_A6/20026_A6-mm10-M4-male_genome.bam
18270_A4,red,/woldlab/castor/home/sau/flowcells/C1_mouse_limb_combined_Mar_2017/18270_A4_mm10,mm10,M4,male,18270_A4_*.fastq.gz,-,18270_A4_mm10,/woldlab/castor/home/sau/public_html/C1_mouse_limb_combined_Mar_2017/18270_A4_mm10-mm10-M4-male_uniq.bw,/woldlab/castor/home/sau/public_html/C1_mouse_limb_combined_Mar_2017/18270_A4_mm10-mm10-M4-male_all.bw,/woldlab/castor/home/sau/flowcells/C1_mouse_limb_combined_Mar_2017/18270_A4_mm10/18270_A4_mm10-mm10-M4-male_genome.bam
18316_F7,red,/woldlab/castor/home/sau/flowcells/C1_mouse_limb_combined_Mar_2017/18316_F7_mm10,mm10,M4,male,18316_F7_*.fastq.gz,-,18316_F7_mm10,/woldlab/castor/home/sau/public_html/C1_mouse_limb_combined_Mar_2017/18316_F7_mm10-mm10-M4-male_uniq.bw,/woldlab/castor/home/sau/public_html/C1_mouse_limb_combined_Mar_2017/18316_F7_mm10-mm10-M4-male_all.bw,/woldlab/castor/home/sau/flowcells/C1_mouse_limb_combined_Mar_2017/18316_F7_mm10/18316_F7_mm10-mm10-M4-male_genome.bam
18312_B6,red,/woldlab/castor/home/sau/flowcells/C1_mouse_limb_combined_Mar_2017/18312_B6_mm10,mm10,M4,male,18312_B6_*.fastq.gz,-,18312_B6_mm10,/woldlab/castor/home/sau/public_html/C1_mouse_limb_combined_Mar_2017/18312_B6_mm10-mm10-M4-male_uniq.bw,/woldlab/castor/home/sau/public_html/C1_mouse_limb_combined_Mar_2017/18312_B6_mm10-mm10-M4-male_all.bw,/woldlab/castor/home/sau/flowcells/C1_mouse_limb_combined_Mar_2017/18312_B6_mm10/18312_B6_mm10-mm10-M4-male_genome.bam
18274_E7,red,/woldlab/castor/home/sau/flowcells/C1_mouse_limb_combined_Mar_2017/18274_E7_mm10,mm10,M4,male,18274_E7_*.fastq.gz,-,18274_E7_mm10,/woldlab/castor/home/sau/public_html/C1_mouse_limb_combined_Mar_2017/18274_E7_mm10-mm10-M4-male_uniq.bw,/woldlab/castor/home/sau/public_html/C1_mouse_limb_combined_Mar_2017/18274_E7_mm10-mm10-M4-male_all.bw,/woldlab/castor/home/sau/flowcells/C1_mouse_limb_combined_Mar_2017/18274_E7_mm10/18274_E7_mm10-mm10-M4-male_genome.bam
18254_D12,red,/woldlab/castor/home/sau/flowcells/C1_mouse_limb_combined_Mar_2017/18254_D12_mm10,mm10,M4,male,18254_D12_*.fastq.gz,-,18254_D12_mm10,/woldlab/castor/home/sau/public_html/C1_mouse_limb_combined_Mar_2017/18254_D12_mm10-mm10-M4-male_uniq.bw,/woldlab/castor/home/sau/public_html/C1_mouse_limb_combined_Mar_2017/18254_D12_mm10-mm10-M4-male_all.bw,/woldlab/castor/home/sau/flowcells/C1_mouse_limb_combined_Mar_2017/18254_D12_mm10/18254_D12_mm10-mm10-M4-male_genome.bam
18251_A3,red,/woldlab/castor/home/sau/flowcells/C1_mouse_limb_combined_Mar_2017/18251_A3_mm10,mm10,M4,male,18251_A3_*.fastq.gz,-,18251_A3_mm10,/woldlab/castor/home/sau/public_html/C1_mouse_limb_combined_Mar_2017/18251_A3_mm10-mm10-M4-male_uniq.bw,/woldlab/castor/home/sau/public_html/C1_mouse_limb_combined_Mar_2017/18251_A3_mm10-mm10-M4-male_all.bw,/woldlab/castor/home/sau/flowcells/C1_mouse_limb_combined_Mar_2017/18251_A3_mm10/18251_A3_mm10-mm10-M4-male_genome.bam
20040_B2,red,/woldlab/castor/home/sau/flowcells/HFNLNBCX2/20040_B2,mm10,M4,male,20040_B2_*trim50.fastq.gz,-,20040_B2,/woldlab/castor/home/sau/public_html/HFNLNBCX2/20040_B2-mm10-M4-male_uniq.bw,/woldlab/castor/home/sau/public_html/HFNLNBCX2/20040_B2-mm10-M4-male_all.bw,/woldlab/castor/home/sau/flowcells/HFNLNBCX2/20040_B2/20040_B2-mm10-M4-male_genome.bam
20041_C1,red,/woldlab/castor/home/sau/flowcells/HFNLNBCX2/20041_C1,mm10,M4,male,20041_C1_*trim50.fastq.gz,-,20041_C1,/woldlab/castor/home/sau/public_html/HFNLNBCX2/20041_C1-mm10-M4-male_uniq.bw,/woldlab/castor/home/sau/public_html/HFNLNBCX2/20041_C1-mm10-M4-male_all.bw,/woldlab/castor/home/sau/flowcells/HFNLNBCX2/20041_C1/20041_C1-mm10-M4-male_genome.bam
18312_B8,red,/woldlab/castor/home/sau/flowcells/C1_mouse_limb_combined_Mar_2017/18312_B8_mm10,mm10,M4,male,18312_B8_*.fastq.gz,-,18312_B8_mm10,/woldlab/castor/home/sau/public_html/C1_mouse_limb_combined_Mar_2017/18312_B8_mm10-mm10-M4-male_uniq.bw,/woldlab/castor/home/sau/public_html/C1_mouse_limb_combined_Mar_2017/18312_B8_mm10-mm10-M4-male_all.bw,/woldlab/castor/home/sau/flowcells/C1_mouse_limb_combined_Mar_2017/18312_B8_mm10/18312_B8_mm10-mm10-M4-male_genome.bam
18257_G6,red,/woldlab/castor/home/sau/flowcells/C1_mouse_limb_combined_Mar_2017/18257_G6_mm10,mm10,M4,male,18257_G6_*.fastq.gz,-,18257_G6_mm10,/woldlab/castor/home/sau/public_html/C1_mouse_limb_combined_Mar_2017/18257_G6_mm10-mm10-M4-male_uniq.bw,/woldlab/castor/home/sau/public_html/C1_mouse_limb_combined_Mar_2017/18257_G6_mm10-mm10-M4-male_all.bw,/woldlab/castor/home/sau/flowcells/C1_mouse_limb_combined_Mar_2017/18257_G6_mm10/18257_G6_mm10-mm10-M4-male_genome.bam
18271_B2,red,/woldlab/castor/home/sau/flowcells/C1_mouse_limb_combined_Mar_2017/18271_B2_mm10,mm10,M4,male,18271_B2_*.fastq.gz,-,18271_B2_mm10,/woldlab/castor/home/sau/public_html/C1_mouse_limb_combined_Mar_2017/18271_B2_mm10-mm10-M4-male_uniq.bw,/woldlab/castor/home/sau/public_html/C1_mouse_limb_combined_Mar_2017/18271_B2_mm10-mm10-M4-male_all.bw,/woldlab/castor/home/sau/flowcells/C1_mouse_limb_combined_Mar_2017/18271_B2_mm10/18271_B2_mm10-mm10-M4-male_genome.bam
18274_E3,red,/woldlab/castor/home/sau/flowcells/C1_mouse_limb_combined_Mar_2017/18274_E3_mm10,mm10,M4,male,18274_E3_*.fastq.gz,-,18274_E3_mm10,/woldlab/castor/home/sau/public_html/C1_mouse_limb_combined_Mar_2017/18274_E3_mm10-mm10-M4-male_uniq.bw,/woldlab/castor/home/sau/public_html/C1_mouse_limb_combined_Mar_2017/18274_E3_mm10-mm10-M4-male_all.bw,/woldlab/castor/home/sau/flowcells/C1_mouse_limb_combined_Mar_2017/18274_E3_mm10/18274_E3_mm10-mm10-M4-male_genome.bam
18255_E2,red,/woldlab/castor/home/sau/flowcells/C1_mouse_limb_combined_Mar_2017/18255_E2_mm10,mm10,M4,male,18255_E2_*.fastq.gz,-,18255_E2_mm10,/woldlab/castor/home/sau/public_html/C1_mouse_limb_combined_Mar_2017/18255_E2_mm10-mm10-M4-male_uniq.bw,/woldlab/castor/home/sau/public_html/C1_mouse_limb_combined_Mar_2017/18255_E2_mm10-mm10-M4-male_all.bw,/woldlab/castor/home/sau/flowcells/C1_mouse_limb_combined_Mar_2017/18255_E2_mm10/18255_E2_mm10-mm10-M4-male_genome.bam
18270_A11,red,/woldlab/castor/home/sau/flowcells/C1_mouse_limb_combined_Mar_2017/18270_A11_mm10,mm10,M4,male,18270_A11_*.fastq.gz,-,18270_A11_mm10,/woldlab/castor/home/sau/public_html/C1_mouse_limb_combined_Mar_2017/18270_A11_mm10-mm10-M4-male_uniq.bw,/woldlab/castor/home/sau/public_html/C1_mouse_limb_combined_Mar_2017/18270_A11_mm10-mm10-M4-male_all.bw,/woldlab/castor/home/sau/flowcells/C1_mouse_limb_combined_Mar_2017/18270_A11_mm10/18270_A11_mm10-mm10-M4-male_genome.bam
20031_F8,green,/woldlab/castor/home/sau/flowcells/HF7NTBCX2/20031_F8,mm10,M4,male,20031_F8_*.fastq.gz,-,20031_F8,/woldlab/castor/home/sau/public_html/HF7NTBCX2/20031_F8-mm10-M4-male_uniq.bw,/woldlab/castor/home/sau/public_html/HF7NTBCX2/20031_F8-mm10-M4-male_all.bw,/woldlab/castor/home/sau/flowcells/HF7NTBCX2/20031_F8/20031_F8-mm10-M4-male_genome.bam
20026_A12,green,/woldlab/castor/home/sau/flowcells/HFNLTBCX2/20026_A12,mm10,M4,male,20026_A12_*.fastq.gz,-,20026_A12,/woldlab/castor/home/sau/public_html/HFNLTBCX2/20026_A12-mm10-M4-male_uniq.bw,/woldlab/castor/home/sau/public_html/HFNLTBCX2/20026_A12-mm10-M4-male_all.bw,/woldlab/castor/home/sau/flowcells/HFNLTBCX2/20026_A12/20026_A12-mm10-M4-male_genome.bam
17327_A4,green,/woldlab/castor/home/sau/flowcells/C1_e10.5_mouse_limb_run2_June20_2016/17327_A4,mm10,M4,male,17327_A4_*.fastq.gz,-,17327_A4,/woldlab/castor/home/sau/public_html/HVGWNBCXX/17327_A4-mm10-M4-male_uniq.bw,/woldlab/castor/home/sau/public_html/HVGWNBCXX/17327_A4-mm10-M4-male_all.bw,/woldlab/castor/home/sau/flowcells/C1_e10.5_mouse_limb_run2_June20_2016/17327_A4/17327_A4-mm10-M4-male_genome.bam
17327_A12,green,/woldlab/castor/home/sau/flowcells/C1_e10.5_mouse_limb_run2_June20_2016/17327_A12,mm10,M4,male,17327_A12_*.fastq.gz,-,17327_A12,/woldlab/castor/home/sau/public_html/HVGWNBCXX/17327_A12-mm10-M4-male_uniq.bw,/woldlab/castor/home/sau/public_html/HVGWNBCXX/17327_A12-mm10-M4-male_all.bw,/woldlab/castor/home/sau/flowcells/C1_e10.5_mouse_limb_run2_June20_2016/17327_A12/17327_A12-mm10-M4-male_genome.bam
19909_D11,green,/woldlab/castor/home/sau/flowcells/H7CNTBCX2/19909_D11,mm10,M4,male,19909_D11_*.fastq.gz,-,19909_D11,/woldlab/castor/home/sau/public_html/H7CNTBCX2/19909_D11-mm10-M4-male_uniq.bw,/woldlab/castor/home/sau/public_html/H7CNTBCX2/19909_D11-mm10-M4-male_all.bw,/woldlab/castor/home/sau/flowcells/H7CNTBCX2/19909_D11/19909_D11-mm10-M4-male_genome.bam
18048_G2,green,/woldlab/castor/home/sau/flowcells/H5LV3BCXY/18048_G2,mm10,M4,male,18048_G2_CGTACTAG-AAGGAGTA_*_R1_001.fastq.gz,-,18048_G2,/woldlab/castor/home/sau/public_html/H5LV3BCXY/18048_G2-mm10-M4-male_uniq.bw,/woldlab/castor/home/sau/public_html/H5LV3BCXY/18048_G2-mm10-M4-male_all.bw,/woldlab/castor/home/sau/flowcells/H5LV3BCXY/18048_G2/18048_G2-mm10-M4-male_genome.bam
18048_G8,green,/woldlab/castor/home/sau/flowcells/H5LV3BCXY/18048_G8,mm10,M4,male,18048_G8_CAGAGAGG-AAGGAGTA_*_R1_001.fastq.gz,-,18048_G8,/woldlab/castor/home/sau/public_html/H5LV3BCXY/18048_G8-mm10-M4-male_uniq.bw,/woldlab/castor/home/sau/public_html/H5LV3BCXY/18048_G8-mm10-M4-male_all.bw,/woldlab/castor/home/sau/flowcells/H5LV3BCXY/18048_G8/18048_G8-mm10-M4-male_genome.bam
18044_C6,green,/woldlab/castor/home/sau/flowcells/H5LV3BCXY/18044_C6,mm10,M4,male,18044_C6_TAGGCATG-TATCCTCT_*_R1_001.fastq.gz,-,18044_C6,/woldlab/castor/home/sau/public_html/H5LV3BCXY/18044_C6-mm10-M4-male_uniq.bw,/woldlab/castor/home/sau/public_html/H5LV3BCXY/18044_C6-mm10-M4-male_all.bw,/woldlab/castor/home/sau/flowcells/H5LV3BCXY/18044_C6/18044_C6-mm10-M4-male_genome.bam
19907_B3,green,/woldlab/castor/home/sau/flowcells/H7CNTBCX2/19907_B3,mm10,M4,male,19907_B3_*.fastq.gz,-,19907_B3,/woldlab/castor/home/sau/public_html/H7CNTBCX2/19907_B3-mm10-M4-male_uniq.bw,/woldlab/castor/home/sau/public_html/H7CNTBCX2/19907_B3-mm10-M4-male_all.bw,/woldlab/castor/home/sau/flowcells/H7CNTBCX2/19907_B3/19907_B3-mm10-M4-male_genome.bam
18042_A7,green,/woldlab/castor/home/sau/flowcells/H5LV3BCXY/18042_A7,mm10,M4,male,18042_A7_CTCTCTAC-GCGTAAGA_*_R1_001.fastq.gz,-,18042_A7,/woldlab/castor/home/sau/public_html/H5LV3BCXY/18042_A7-mm10-M4-male_uniq.bw,/woldlab/castor/home/sau/public_html/H5LV3BCXY/18042_A7-mm10-M4-male_all.bw,/woldlab/castor/home/sau/flowcells/H5LV3BCXY/18042_A7/18042_A7-mm10-M4-male_genome.bam
18043_B2,green,/woldlab/castor/home/sau/flowcells/H5LV3BCXY/18043_B2,mm10,M4,male,18043_B2_CGTACTAG-CTCTCTAT_*_R1_001.fastq.gz,-,18043_B2,/woldlab/castor/home/sau/public_html/H5LV3BCXY/18043_B2-mm10-M4-male_uniq.bw,/woldlab/castor/home/sau/public_html/H5LV3BCXY/18043_B2-mm10-M4-male_all.bw,/woldlab/castor/home/sau/flowcells/H5LV3BCXY/18043_B2/18043_B2-mm10-M4-male_genome.bam
18044_C9,green,/woldlab/castor/home/sau/flowcells/H5LV3BCXY/18044_C9,mm10,M4,male,18044_C9_GCTACGCT-TATCCTCT_*_R1_001.fastq.gz,-,18044_C9,/woldlab/castor/home/sau/public_html/H5LV3BCXY/18044_C9-mm10-M4-male_uniq.bw,/woldlab/castor/home/sau/public_html/H5LV3BCXY/18044_C9-mm10-M4-male_all.bw,/woldlab/castor/home/sau/flowcells/H5LV3BCXY/18044_C9/18044_C9-mm10-M4-male_genome.bam
17329_C5,green,/woldlab/castor/home/sau/flowcells/C1_e10.5_mouse_limb_run2_June20_2016/17329_C5,mm10,M4,male,17329_C5_*.fastq.gz,-,17329_C5,/woldlab/castor/home/sau/public_html/HVGWNBCXX/17329_C5-mm10-M4-male_uniq.bw,/woldlab/castor/home/sau/public_html/HVGWNBCXX/17329_C5-mm10-M4-male_all.bw,/woldlab/castor/home/sau/flowcells/C1_e10.5_mouse_limb_run2_June20_2016/17329_C5/17329_C5-mm10-M4-male_genome.bam
18046_E8,green,/woldlab/castor/home/sau/flowcells/H5LV3BCXY/18046_E8,mm10,M4,male,18046_E8_CAGAGAGG-GTAAGGAG_*_R1_001.fastq.gz,-,18046_E8,/woldlab/castor/home/sau/public_html/H5LV3BCXY/18046_E8-mm10-M4-male_uniq.bw,/woldlab/castor/home/sau/public_html/H5LV3BCXY/18046_E8-mm10-M4-male_all.bw,/woldlab/castor/home/sau/flowcells/H5LV3BCXY/18046_E8/18046_E8-mm10-M4-male_genome.bam
17329_C10,green,/woldlab/castor/home/sau/flowcells/C1_e10.5_mouse_limb_run2_June20_2016/17329_C10,mm10,M4,male,17329_C10_*.fastq.gz,-,17329_C10,/woldlab/castor/home/sau/public_html/HVGWNBCXX/17329_C10-mm10-M4-male_uniq.bw,/woldlab/castor/home/sau/public_html/HVGWNBCXX/17329_C10-mm10-M4-male_all.bw,/woldlab/castor/home/sau/flowcells/C1_e10.5_mouse_limb_run2_June20_2016/17329_C10/17329_C10-mm10-M4-male_genome.bam
18267_E6,green,/woldlab/castor/home/sau/flowcells/C1_mouse_limb_combined_Mar_2017/18267_E6_mm10,mm10,M4,male,18267_E6_*.fastq.gz,-,18267_E6_mm10,/woldlab/castor/home/sau/public_html/C1_mouse_limb_combined_Mar_2017/18267_E6_mm10-mm10-M4-male_uniq.bw,/woldlab/castor/home/sau/public_html/C1_mouse_limb_combined_Mar_2017/18267_E6_mm10-mm10-M4-male_all.bw,/woldlab/castor/home/sau/flowcells/C1_mouse_limb_combined_Mar_2017/18267_E6_mm10/18267_E6_mm10-mm10-M4-male_genome.bam
17332_F7,green,/woldlab/castor/home/sau/flowcells/C1_e10.5_mouse_limb_run2_June20_2016/17332_F7,mm10,M4,male,17332_F7_*.fastq.gz,-,17332_F7,/woldlab/castor/home/sau/public_html/HVGWNBCXX/17332_F7-mm10-M4-male_uniq.bw,/woldlab/castor/home/sau/public_html/HVGWNBCXX/17332_F7-mm10-M4-male_all.bw,/woldlab/castor/home/sau/flowcells/C1_e10.5_mouse_limb_run2_June20_2016/17332_F7/17332_F7-mm10-M4-male_genome.bam
17333_G6,green,/woldlab/castor/home/sau/flowcells/C1_e10.5_mouse_limb_run2_June20_2016/17333_G6,mm10,M4,male,17333_G6_*.fastq.gz,-,17333_G6,/woldlab/castor/home/sau/public_html/HVGWNBCXX/17333_G6-mm10-M4-male_uniq.bw,/woldlab/castor/home/sau/public_html/HVGWNBCXX/17333_G6-mm10-M4-male_all.bw,/woldlab/castor/home/sau/flowcells/C1_e10.5_mouse_limb_run2_June20_2016/17333_G6/17333_G6-mm10-M4-male_genome.bam
18260_C8,green,/woldlab/castor/home/sau/flowcells/C1_mouse_limb_combined_Mar_2017/18260_C8_mm10,mm10,M4,male,18260_C8_*.fastq.gz,-,18260_C8_mm10,/woldlab/castor/home/sau/public_html/C1_mouse_limb_combined_Mar_2017/18260_C8_mm10-mm10-M4-male_uniq.bw,/woldlab/castor/home/sau/public_html/C1_mouse_limb_combined_Mar_2017/18260_C8_mm10-mm10-M4-male_all.bw,/woldlab/castor/home/sau/flowcells/C1_mouse_limb_combined_Mar_2017/18260_C8_mm10/18260_C8_mm10-mm10-M4-male_genome.bam
18046_E3,green,/woldlab/castor/home/sau/flowcells/H5LV3BCXY/18046_E3,mm10,M4,male,18046_E3_AGGCAGAA-GTAAGGAG_*_R1_001.fastq.gz,-,18046_E3,/woldlab/castor/home/sau/public_html/H5LV3BCXY/18046_E3-mm10-M4-male_uniq.bw,/woldlab/castor/home/sau/public_html/H5LV3BCXY/18046_E3-mm10-M4-male_all.bw,/woldlab/castor/home/sau/flowcells/H5LV3BCXY/18046_E3/18046_E3-mm10-M4-male_genome.bam
18088_G2,green,/woldlab/loxcyc/home/diane/proj/C1_e10.5_mouse_limb_run3_Dec5_2016_2/18088_G2,mm10,M4,male,18088_G2_*.fastq.gz,-,18088_G2,/woldlab/loxcyc/home/diane/proj/C1_e10.5_mouse_limb_run3_Dec5_2016_2/18088_G2/18088_G2-mm10-M4-male_uniq.bw,/woldlab/loxcyc/home/diane/proj/C1_e10.5_mouse_limb_run3_Dec5_2016_2/18088_G2/18088_G2-mm10-M4-male_all.bw,/woldlab/loxcyc/home/diane/proj/C1_e10.5_mouse_limb_run3_Dec5_2016_2/18088_G2/Aligned.sortedByCoord.out.bam
18042_A4,green,/woldlab/castor/home/sau/flowcells/H5LV3BCXY/18042_A4,mm10,M4,male,18042_A4_TCCTGAGC-GCGTAAGA_*_R1_001.fastq.gz,-,18042_A4,/woldlab/castor/home/sau/public_html/H5LV3BCXY/18042_A4-mm10-M4-male_uniq.bw,/woldlab/castor/home/sau/public_html/H5LV3BCXY/18042_A4-mm10-M4-male_all.bw,/woldlab/castor/home/sau/flowcells/H5LV3BCXY/18042_A4/18042_A4-mm10-M4-male_genome.bam
18049_H11,green,/woldlab/castor/home/sau/flowcells/H5LV3BCXY/18049_H11,mm10,M4,male,18049_H11_AAGAGGCA-CTAAGCCT_*_R1_001.fastq.gz,-,18049_H11,/woldlab/castor/home/sau/public_html/H5LV3BCXY/18049_H11-mm10-M4-male_uniq.bw,/woldlab/castor/home/sau/public_html/H5LV3BCXY/18049_H11-mm10-M4-male_all.bw,/woldlab/castor/home/sau/flowcells/H5LV3BCXY/18049_H11/18049_H11-mm10-M4-male_genome.bam
18044_C5,green,/woldlab/castor/home/sau/flowcells/H5LV3BCXY/18044_C5,mm10,M4,male,18044_C5_GGACTCCT-TATCCTCT_*_R1_001.fastq.gz,-,18044_C5,/woldlab/castor/home/sau/public_html/H5LV3BCXY/18044_C5-mm10-M4-male_uniq.bw,/woldlab/castor/home/sau/public_html/H5LV3BCXY/18044_C5-mm10-M4-male_all.bw,/woldlab/castor/home/sau/flowcells/H5LV3BCXY/18044_C5/18044_C5-mm10-M4-male_genome.bam
19914_A12,green,/woldlab/castor/home/sau/flowcells/H7CNTBCX2/19914_A12,mm10,M4,male,19914_A12_*.fastq.gz,-,19914_A12,/woldlab/castor/home/sau/public_html/H7CNTBCX2/19914_A12-mm10-M4-male_uniq.bw,/woldlab/castor/home/sau/public_html/H7CNTBCX2/19914_A12-mm10-M4-male_all.bw,/woldlab/castor/home/sau/flowcells/H7CNTBCX2/19914_A12/19914_A12-mm10-M4-male_genome.bam
18048_G4,green,/woldlab/castor/home/sau/flowcells/H5LV3BCXY/18048_G4,mm10,M4,male,18048_G4_TCCTGAGC-AAGGAGTA_*_R1_001.fastq.gz,-,18048_G4,/woldlab/castor/home/sau/public_html/H5LV3BCXY/18048_G4-mm10-M4-male_uniq.bw,/woldlab/castor/home/sau/public_html/H5LV3BCXY/18048_G4-mm10-M4-male_all.bw,/woldlab/castor/home/sau/flowcells/H5LV3BCXY/18048_G4/18048_G4-mm10-M4-male_genome.bam
18267_E11,green,/woldlab/castor/home/sau/flowcells/C1_mouse_limb_combined_Mar_2017/18267_E11_mm10,mm10,M4,male,18267_E11_*.fastq.gz,-,18267_E11_mm10,/woldlab/castor/home/sau/public_html/C1_mouse_limb_combined_Mar_2017/18267_E11_mm10-mm10-M4-male_uniq.bw,/woldlab/castor/home/sau/public_html/C1_mouse_limb_combined_Mar_2017/18267_E11_mm10-mm10-M4-male_all.bw,/woldlab/castor/home/sau/flowcells/C1_mouse_limb_combined_Mar_2017/18267_E11_mm10/18267_E11_mm10-mm10-M4-male_genome.bam
18264_B10,green,/woldlab/castor/home/sau/flowcells/C1_mouse_limb_combined_Mar_2017/18264_B10_mm10,mm10,M4,male,18264_B10_*.fastq.gz,-,18264_B10_mm10,/woldlab/castor/home/sau/public_html/C1_mouse_limb_combined_Mar_2017/18264_B10_mm10-mm10-M4-male_uniq.bw,/woldlab/castor/home/sau/public_html/C1_mouse_limb_combined_Mar_2017/18264_B10_mm10-mm10-M4-male_all.bw,/woldlab/castor/home/sau/flowcells/C1_mouse_limb_combined_Mar_2017/18264_B10_mm10/18264_B10_mm10-mm10-M4-male_genome.bam
18262_E11,green,/woldlab/castor/home/sau/flowcells/C1_mouse_limb_combined_Mar_2017/18262_E11_mm10,mm10,M4,male,18262_E11_*.fastq.gz,-,18262_E11_mm10,/woldlab/castor/home/sau/public_html/C1_mouse_limb_combined_Mar_2017/18262_E11_mm10-mm10-M4-male_uniq.bw,/woldlab/castor/home/sau/public_html/C1_mouse_limb_combined_Mar_2017/18262_E11_mm10-mm10-M4-male_all.bw,/woldlab/castor/home/sau/flowcells/C1_mouse_limb_combined_Mar_2017/18262_E11_mm10/18262_E11_mm10-mm10-M4-male_genome.bam
18262_E6,green,/woldlab/castor/home/sau/flowcells/C1_mouse_limb_combined_Mar_2017/18262_E6_mm10,mm10,M4,male,18262_E6_*.fastq.gz,-,18262_E6_mm10,/woldlab/castor/home/sau/public_html/C1_mouse_limb_combined_Mar_2017/18262_E6_mm10-mm10-M4-male_uniq.bw,/woldlab/castor/home/sau/public_html/C1_mouse_limb_combined_Mar_2017/18262_E6_mm10-mm10-M4-male_all.bw,/woldlab/castor/home/sau/flowcells/C1_mouse_limb_combined_Mar_2017/18262_E6_mm10/18262_E6_mm10-mm10-M4-male_genome.bam
20031_F9,green,/woldlab/castor/home/sau/flowcells/HF7NTBCX2/20031_F9,mm10,M4,male,20031_F9_*.fastq.gz,-,20031_F9,/woldlab/castor/home/sau/public_html/HF7NTBCX2/20031_F9-mm10-M4-male_uniq.bw,/woldlab/castor/home/sau/public_html/HF7NTBCX2/20031_F9-mm10-M4-male_all.bw,/woldlab/castor/home/sau/flowcells/HF7NTBCX2/20031_F9/20031_F9-mm10-M4-male_genome.bam
19917_D7,green,/woldlab/castor/home/sau/flowcells/H7CNTBCX2/19917_D7,mm10,M4,male,19917_D7_*.fastq.gz,-,19917_D7,/woldlab/castor/home/sau/public_html/H7CNTBCX2/19917_D7-mm10-M4-male_uniq.bw,/woldlab/castor/home/sau/public_html/H7CNTBCX2/19917_D7-mm10-M4-male_all.bw,/woldlab/castor/home/sau/flowcells/H7CNTBCX2/19917_D7/19917_D7-mm10-M4-male_genome.bam
17332_F9,green,/woldlab/castor/home/sau/flowcells/C1_e10.5_mouse_limb_run2_June20_2016/17332_F9,mm10,M4,male,17332_F9_*.fastq.gz,-,17332_F9,/woldlab/castor/home/sau/public_html/HVGWNBCXX/17332_F9-mm10-M4-male_uniq.bw,/woldlab/castor/home/sau/public_html/HVGWNBCXX/17332_F9-mm10-M4-male_all.bw,/woldlab/castor/home/sau/flowcells/C1_e10.5_mouse_limb_run2_June20_2016/17332_F9/17332_F9-mm10-M4-male_genome.bam
18264_B9,green,/woldlab/castor/home/sau/flowcells/C1_mouse_limb_combined_Mar_2017/18264_B9_mm10,mm10,M4,male,18264_B9_*.fastq.gz,-,18264_B9_mm10,/woldlab/castor/home/sau/public_html/C1_mouse_limb_combined_Mar_2017/18264_B9_mm10-mm10-M4-male_uniq.bw,/woldlab/castor/home/sau/public_html/C1_mouse_limb_combined_Mar_2017/18264_B9_mm10-mm10-M4-male_all.bw,/woldlab/castor/home/sau/flowcells/C1_mouse_limb_combined_Mar_2017/18264_B9_mm10/18264_B9_mm10-mm10-M4-male_genome.bam
18265_C6,green,/woldlab/castor/home/sau/flowcells/C1_mouse_limb_combined_Mar_2017/18265_C6_mm10,mm10,M4,male,18265_C6_*.fastq.gz,-,18265_C6_mm10,/woldlab/castor/home/sau/public_html/C1_mouse_limb_combined_Mar_2017/18265_C6_mm10-mm10-M4-male_uniq.bw,/woldlab/castor/home/sau/public_html/C1_mouse_limb_combined_Mar_2017/18265_C6_mm10-mm10-M4-male_all.bw,/woldlab/castor/home/sau/flowcells/C1_mouse_limb_combined_Mar_2017/18265_C6_mm10/18265_C6_mm10-mm10-M4-male_genome.bam
18268_F6,green,/woldlab/castor/home/sau/flowcells/C1_mouse_limb_combined_Mar_2017/18268_F6_mm10,mm10,M4,male,18268_F6_*.fastq.gz,-,18268_F6_mm10,/woldlab/castor/home/sau/public_html/C1_mouse_limb_combined_Mar_2017/18268_F6_mm10-mm10-M4-male_uniq.bw,/woldlab/castor/home/sau/public_html/C1_mouse_limb_combined_Mar_2017/18268_F6_mm10-mm10-M4-male_all.bw,/woldlab/castor/home/sau/flowcells/C1_mouse_limb_combined_Mar_2017/18268_F6_mm10/18268_F6_mm10-mm10-M4-male_genome.bam
20032_G5,green,/woldlab/castor/home/sau/flowcells/HF7NTBCX2/20032_G5,mm10,M4,male,20032_G5_*.fastq.gz,-,20032_G5,/woldlab/castor/home/sau/public_html/HF7NTBCX2/20032_G5-mm10-M4-male_uniq.bw,/woldlab/castor/home/sau/public_html/HF7NTBCX2/20032_G5-mm10-M4-male_all.bw,/woldlab/castor/home/sau/flowcells/HF7NTBCX2/20032_G5/20032_G5-mm10-M4-male_genome.bam
20029_D10,green,/woldlab/castor/home/sau/flowcells/HFNLTBCX2/20029_D10,mm10,M4,male,20029_D10_*.fastq.gz,-,20029_D10,/woldlab/castor/home/sau/public_html/HFNLTBCX2/20029_D10-mm10-M4-male_uniq.bw,/woldlab/castor/home/sau/public_html/HFNLTBCX2/20029_D10-mm10-M4-male_all.bw,/woldlab/castor/home/sau/flowcells/HFNLTBCX2/20029_D10/20029_D10-mm10-M4-male_genome.bam
17331_E1,green,/woldlab/castor/home/sau/flowcells/C1_e10.5_mouse_limb_run2_June20_2016/17331_E1,mm10,M4,male,17331_E1_*.fastq.gz,-,17331_E1,/woldlab/castor/home/sau/public_html/HVGWNBCXX/17331_E1-mm10-M4-male_uniq.bw,/woldlab/castor/home/sau/public_html/HVGWNBCXX/17331_E1-mm10-M4-male_all.bw,/woldlab/castor/home/sau/flowcells/C1_e10.5_mouse_limb_run2_June20_2016/17331_E1/17331_E1-mm10-M4-male_genome.bam
20038_F11,green,/woldlab/castor/home/sau/flowcells/HF7NTBCX2/20038_F11,mm10,M4,male,20038_F11_*.fastq.gz,-,20038_F11,/woldlab/castor/home/sau/public_html/HF7NTBCX2/20038_F11-mm10-M4-male_uniq.bw,/woldlab/castor/home/sau/public_html/HF7NTBCX2/20038_F11-mm10-M4-male_all.bw,/woldlab/castor/home/sau/flowcells/HF7NTBCX2/20038_F11/20038_F11-mm10-M4-male_genome.bam
18262_E2,green,/woldlab/castor/home/sau/flowcells/C1_mouse_limb_combined_Mar_2017/18262_E2_mm10,mm10,M4,male,18262_E2_*.fastq.gz,-,18262_E2_mm10,/woldlab/castor/home/sau/public_html/C1_mouse_limb_combined_Mar_2017/18262_E2_mm10-mm10-M4-male_uniq.bw,/woldlab/castor/home/sau/public_html/C1_mouse_limb_combined_Mar_2017/18262_E2_mm10-mm10-M4-male_all.bw,/woldlab/castor/home/sau/flowcells/C1_mouse_limb_combined_Mar_2017/18262_E2_mm10/18262_E2_mm10-mm10-M4-male_genome.bam
17333_G2,green,/woldlab/castor/home/sau/flowcells/C1_e10.5_mouse_limb_run2_June20_2016/17333_G2,mm10,M4,male,17333_G2_*.fastq.gz,-,17333_G2,/woldlab/castor/home/sau/public_html/HVGWNBCXX/17333_G2-mm10-M4-male_uniq.bw,/woldlab/castor/home/sau/public_html/HVGWNBCXX/17333_G2-mm10-M4-male_all.bw,/woldlab/castor/home/sau/flowcells/C1_e10.5_mouse_limb_run2_June20_2016/17333_G2/17333_G2-mm10-M4-male_genome.bam
17334_H3,green,/woldlab/castor/home/sau/flowcells/C1_e10.5_mouse_limb_run2_June20_2016/17334_H3,mm10,M4,male,17334_H3_*.fastq.gz,-,17334_H3,/woldlab/castor/home/sau/public_html/HVGWNBCXX/17334_H3-mm10-M4-male_uniq.bw,/woldlab/castor/home/sau/public_html/HVGWNBCXX/17334_H3-mm10-M4-male_all.bw,/woldlab/castor/home/sau/flowcells/C1_e10.5_mouse_limb_run2_June20_2016/17334_H3/17334_H3-mm10-M4-male_genome.bam
17330_D3,green,/woldlab/castor/home/sau/flowcells/C1_e10.5_mouse_limb_run2_June20_2016/17330_D3,mm10,M4,male,17330_D3_*.fastq.gz,-,17330_D3,/woldlab/castor/home/sau/public_html/HVGWNBCXX/17330_D3-mm10-M4-male_uniq.bw,/woldlab/castor/home/sau/public_html/HVGWNBCXX/17330_D3-mm10-M4-male_all.bw,/woldlab/castor/home/sau/flowcells/C1_e10.5_mouse_limb_run2_June20_2016/17330_D3/17330_D3-mm10-M4-male_genome.bam
17328_B1,green,/woldlab/castor/home/sau/flowcells/C1_e10.5_mouse_limb_run2_June20_2016/17328_B1,mm10,M4,male,17328_B1_*.fastq.gz,-,17328_B1,/woldlab/castor/home/sau/public_html/HVGWNBCXX/17328_B1-mm10-M4-male_uniq.bw,/woldlab/castor/home/sau/public_html/HVGWNBCXX/17328_B1-mm10-M4-male_all.bw,/woldlab/castor/home/sau/flowcells/C1_e10.5_mouse_limb_run2_June20_2016/17328_B1/17328_B1-mm10-M4-male_genome.bam
17329_C9,green,/woldlab/castor/home/sau/flowcells/C1_e10.5_mouse_limb_run2_June20_2016/17329_C9,mm10,M4,male,17329_C9_*.fastq.gz,-,17329_C9,/woldlab/castor/home/sau/public_html/HVGWNBCXX/17329_C9-mm10-M4-male_uniq.bw,/woldlab/castor/home/sau/public_html/HVGWNBCXX/17329_C9-mm10-M4-male_all.bw,/woldlab/castor/home/sau/flowcells/C1_e10.5_mouse_limb_run2_June20_2016/17329_C9/17329_C9-mm10-M4-male_genome.bam
18258_A7,green,/woldlab/castor/home/sau/flowcells/C1_mouse_limb_combined_Mar_2017/18258_A7_mm10,mm10,M4,male,18258_A7_*.fastq.gz,-,18258_A7_mm10,/woldlab/castor/home/sau/public_html/C1_mouse_limb_combined_Mar_2017/18258_A7_mm10-mm10-M4-male_uniq.bw,/woldlab/castor/home/sau/public_html/C1_mouse_limb_combined_Mar_2017/18258_A7_mm10-mm10-M4-male_all.bw,/woldlab/castor/home/sau/flowcells/C1_mouse_limb_combined_Mar_2017/18258_A7_mm10/18258_A7_mm10-mm10-M4-male_genome.bam
17327_A2,green,/woldlab/castor/home/sau/flowcells/C1_e10.5_mouse_limb_run2_June20_2016/17327_A2,mm10,M4,male,17327_A2_*.fastq.gz,-,17327_A2,/woldlab/castor/home/sau/public_html/HVGWNBCXX/17327_A2-mm10-M4-male_uniq.bw,/woldlab/castor/home/sau/public_html/HVGWNBCXX/17327_A2-mm10-M4-male_all.bw,/woldlab/castor/home/sau/flowcells/C1_e10.5_mouse_limb_run2_June20_2016/17327_A2/17327_A2-mm10-M4-male_genome.bam
17329_C1,green,/woldlab/castor/home/sau/flowcells/C1_e10.5_mouse_limb_run2_June20_2016/17329_C1,mm10,M4,male,17329_C1_*.fastq.gz,-,17329_C1,/woldlab/castor/home/sau/public_html/HVGWNBCXX/17329_C1-mm10-M4-male_uniq.bw,/woldlab/castor/home/sau/public_html/HVGWNBCXX/17329_C1-mm10-M4-male_all.bw,/woldlab/castor/home/sau/flowcells/C1_e10.5_mouse_limb_run2_June20_2016/17329_C1/17329_C1-mm10-M4-male_genome.bam
17328_B5,green,/woldlab/castor/home/sau/flowcells/C1_e10.5_mouse_limb_run2_June20_2016/17328_B5,mm10,M4,male,17328_B5_*.fastq.gz,-,17328_B5,/woldlab/castor/home/sau/public_html/HVGWNBCXX/17328_B5-mm10-M4-male_uniq.bw,/woldlab/castor/home/sau/public_html/HVGWNBCXX/17328_B5-mm10-M4-male_all.bw,/woldlab/castor/home/sau/flowcells/C1_e10.5_mouse_limb_run2_June20_2016/17328_B5/17328_B5-mm10-M4-male_genome.bam
17329_C8,green,/woldlab/castor/home/sau/flowcells/C1_e10.5_mouse_limb_run2_June20_2016/17329_C8,mm10,M4,male,17329_C8_*.fastq.gz,-,17329_C8,/woldlab/castor/home/sau/public_html/HVGWNBCXX/17329_C8-mm10-M4-male_uniq.bw,/woldlab/castor/home/sau/public_html/HVGWNBCXX/17329_C8-mm10-M4-male_all.bw,/woldlab/castor/home/sau/flowcells/C1_e10.5_mouse_limb_run2_June20_2016/17329_C8/17329_C8-mm10-M4-male_genome.bam
17328_B8,green,/woldlab/castor/home/sau/flowcells/C1_e10.5_mouse_limb_run2_June20_2016/17328_B8,mm10,M4,male,17328_B8_*.fastq.gz,-,17328_B8,/woldlab/castor/home/sau/public_html/HVGWNBCXX/17328_B8-mm10-M4-male_uniq.bw,/woldlab/castor/home/sau/public_html/HVGWNBCXX/17328_B8-mm10-M4-male_all.bw,/woldlab/castor/home/sau/flowcells/C1_e10.5_mouse_limb_run2_June20_2016/17328_B8/17328_B8-mm10-M4-male_genome.bam
20026_A9,green,/woldlab/castor/home/sau/flowcells/HFNLTBCX2/20026_A9,mm10,M4,male,20026_A9_*.fastq.gz,-,20026_A9,/woldlab/castor/home/sau/public_html/HFNLTBCX2/20026_A9-mm10-M4-male_uniq.bw,/woldlab/castor/home/sau/public_html/HFNLTBCX2/20026_A9-mm10-M4-male_all.bw,/woldlab/castor/home/sau/flowcells/HFNLTBCX2/20026_A9/20026_A9-mm10-M4-male_genome.bam
20026_A8,green,/woldlab/castor/home/sau/flowcells/HFNLTBCX2/20026_A8,mm10,M4,male,20026_A8_*.fastq.gz,-,20026_A8,/woldlab/castor/home/sau/public_html/HFNLTBCX2/20026_A8-mm10-M4-male_uniq.bw,/woldlab/castor/home/sau/public_html/HFNLTBCX2/20026_A8-mm10-M4-male_all.bw,/woldlab/castor/home/sau/flowcells/HFNLTBCX2/20026_A8/20026_A8-mm10-M4-male_genome.bam
