18317_G10_mm10,DarkRed
20040_B1,DarkRed
20044_A10,DarkRed
20042_D4,DarkRed
18255_E8_mm10,DarkRed
18254_D2_mm10,DarkRed
18252_B12_mm10,DarkRed
20042_D2,DarkRed
18314_D6_mm10,DarkRed
18313_C10_mm10,DarkRed
20047_D6,DarkRed
19917_D1,DarkRed
18312_B4_mm10,DarkRed
18315_E6_mm10,DarkRed
18255_E7_mm10,DarkRed
18316_F6_mm10,DarkRed
20036_D11,DarkRed
19915_B9,DarkRed
20040_B6,DarkRed
20038_F1,DarkRed
20034_B6,DarkRed
18263_A2_mm10,DarkRed
18252_B8_mm10,DarkRed
18255_E4_mm10,red
18256_F2_mm10,red
18255_E5_mm10,red
18252_B11_mm10,red
20048_E11,red
18311_A9_mm10,red
18255_E11_mm10,red
20044_A12,red
18251_A5_mm10,red
20039_A1,red
20040_B12,red
20044_A5,red
18312_B11_mm10,red
18317_G2_mm10,red
20049_F3,red
20048_E12,red
18252_B1_mm10,red
18311_A6_mm10,red
20043_E2,red
18315_E10_mm10,red
18275_F6_mm10,red
18316_F11_mm10,red
20026_A5,red
20026_A6,red
18270_A4_mm10,red
18316_F7_mm10,red
18312_B6_mm10,red
18274_E7_mm10,red
18254_D12_mm10,red
18251_A3_mm10,red
20040_B2,red
20041_C1,red
18312_B8_mm10,red
18257_G6_mm10,red
18271_B2_mm10,red
18274_E3_mm10,red
18255_E2_mm10,red
18270_A11_mm10,red
20031_F8,green
20026_A12,green
7327_A4,green
7327_A12,green
19909_D11,green
8048_G2,green
8048_G8,green
8044_C6,green
19907_B3,green
8042_A7,green
8043_B2,green
8044_C9,green
7329_C5,green
8046_E8,green
7329_C10,green
18267_E6_mm10,green
7332_F7,green
7333_G6,green
18260_C8_mm10,green
8046_E3,green
8088_G2,green
8042_A4,green
8049_H11,green
8044_C5,green
19914_A12,green
8048_G4,green
18267_E11_mm10,green
18264_B10_mm10,green
18262_E11_mm10,green
18262_E6_mm10,green
20031_F9,green
19917_D7,green
7332_F9,green
18264_B9_mm10,green
18265_C6_mm10,green
18268_F6_mm10,green
20032_G5,green
20029_D10,green
7331_E1,green
20038_F11,green
18262_E2_mm10,green
7333_G2,green
7334_H3,green
7330_D3,green
7328_B1,green
7329_C9,green
18258_A7_mm10,green
7327_A2,green
7329_C1,green
7328_B5,green
7329_C8,green
7328_B8,green
20026_A9,green
20026_A8,green
20033_A7,black
20033_A8,black
20029_D1,black
20031_F11,black
20033_A12,black
18314_D12_mm10,black
20040_B11,black
20033_A11,black
20033_A10,black
20033_A9,black
20036_D7,black
20036_D9,black
18272_C2_mm10,black
19915_B10,black
20037_E12,black
20042_D10,black
20031_F7,black
20037_E1,black
19916_C12,black
20031_F10,black
19916_C2,black
18253_C11_mm10,black
20041_C8,black
18313_C7_mm10,black
20030_E11,black
19911_F6,black
19909_D5,black
20034_B1,black
18265_C4_mm10,black
18314_D7_mm10,black
20037_E5,black
20038_F7,black
20028_C9,black
20026_A4,black
18316_F5_mm10,black
19915_B6,black
20031_F2,black
19911_F12,black
20049_F6,black
18272_C8_mm10,black
18276_G1_mm10,black
18271_B7_mm10,black
20036_D2,black
18254_D5_mm10,black
20030_E9,black
20037_E11,black
20027_B12,black
20027_B9,black
20034_B12,black
18270_A7_mm10,black
20035_C2,black
18273_D2_mm10,black
20032_G1,black
18272_C12_mm10,black
20028_C3,black
20042_D11,black
18271_B8_mm10,black
19908_C8,black
20035_C12,black
20034_B8,black
20034_B4,black
20038_F5,black
20041_C3,black
18313_C1_mm10,black
20043_E1,black
18314_D3_mm10,black
8043_B8,black
18262_E9_mm10,black
18266_D4_mm10,black
18265_C12_mm10,black
18263_A6_mm10,black
18274_E12_mm10,black
7327_A5,black
18260_C11_mm10,black
18262_E5_mm10,black
8087_F12,black
18262_E10_mm10,black
18274_E6_mm10,black
18271_B3_mm10,black
18257_G7_mm10,black
20028_C4,black
7327_A3,black
20038_F4,black
8048_G12,black
20034_B2,black
19911_F1,black
20026_A2,black
18264_B12_mm10,black
7328_B12,black
18266_D12_mm10,black
18266_D3_mm10,black
18256_F7_mm10,black
18269_G3_mm10,black
7330_D2,black
18262_E8_mm10,black
18270_A5_mm10,black
8044_C12,black
19908_C3,black
8087_F2,black
8089_H3,black
7329_C7,black
7327_A7,black
7328_B6,black
7328_B4,black
19907_B2,black
19906_A1,black
19914_A4,black
8047_F5,black
19914_A3,black
8048_G5,black
7331_E8,black
7330_D8,black
7327_A8,black
7327_A11,black
7329_C2,black
18264_B5_mm10,grey
18267_E1_mm10,grey
18273_D5_mm10,grey
18259_B2_mm10,grey
8048_G3,grey
8049_H9,grey
8088_G12,grey
8089_H5,grey
18269_G1_mm10,grey
8087_F7,grey
7331_E7,grey
18259_B1_mm10,grey
8042_A5,grey
18260_C4_mm10,grey
19906_A10,grey
8089_H1,grey
8088_G6,grey
19907_B4,grey
18261_D6_mm10,grey
8087_F4,grey
18269_G10_mm10,grey
18269_G11_mm10,grey
18261_D11_mm10,grey
20028_C5,grey
18264_B3_mm10,grey
18258_A9_mm10,grey
18261_D12_mm10,grey
18261_D1_mm10,grey
19910_E6,grey
18260_C12_mm10,grey
19911_F7,grey
18259_B10_mm10,grey
18262_E7_mm10,grey
18268_F2_mm10,grey
18265_C11_mm10,grey
18263_A9_mm10,grey
18268_F11_mm10,grey
18260_C7_mm10,grey
8044_C2,grey
7330_D4,grey
8088_G3,grey
18259_B12_mm10,grey
8044_C7,grey
8044_C10,grey
19907_B9,grey
19913_H9,grey
8046_E10,grey
8047_F9,grey
8042_A2,grey
18269_G7_mm10,grey
18259_B11_mm10,grey
18258_A12_mm10,grey
18261_D2_mm10,grey
18258_A2_mm10,grey
8043_B7,grey
8046_E7,grey
8044_C4,grey
18269_G8_mm10,grey
20026_A11,grey
20026_A1,grey
8089_H7,grey
8089_H10,grey
19913_H11,grey
8047_F3,grey
8045_D8,grey
8088_G11,grey
8042_A3,grey
8049_H6,grey
19912_G7,grey
19910_E1,grey
19906_A2,grey
7332_F2,grey
8047_F8,grey
8048_G7,grey
19910_E2,grey
8048_G11,grey
8043_B10,grey
18258_A6_mm10,grey
8043_B4,grey
8045_D7,grey
8089_H8,grey
18258_A10_mm10,grey
8047_F6,grey
8046_E2,grey
19908_C12,grey
19913_H4,grey
19914_A10,grey
8047_F10,grey
8048_G6,grey
19908_C10,grey
19913_H5,grey
19910_E7,grey
8045_D10,grey
20030_E12,grey
18264_B2_mm10,grey
19908_C4,grey
19909_D9,grey
8046_E1,grey
19909_D10,grey
8049_H10,grey
19907_B11,grey
19913_H1,grey
18266_D5_mm10,grey
18264_B11_mm10,grey
18266_D11_mm10,grey
18263_A5_mm10,grey
7327_A10,grey
19914_A5,grey
18311_A7_mm10,grey
18265_C7_mm10,black
20027_B4,black
18270_A6_mm10,black
18270_A2_mm10,black
8089_H6,black
18258_A3_mm10,black
18258_A1_mm10,black
19911_F9,black
19912_G6,black
8049_H8,black
18265_C5_mm10,black
20033_A5,black
20033_A1,black
20026_A7,black
20029_D11,black
19912_G2,black
8049_H1,black
20037_E4,black
20032_G3,black
20027_B11,black
20037_E10,black
18264_B7_mm10,black
18317_G4_mm10,black
20038_F10,black
18316_F3_mm10,black
20037_E6,black
20031_F3,black
20031_F4,black
18261_D9_mm10,black
7330_D5,black
8046_E6,black
19908_C7,black
18264_B8_mm10,black
8047_F12,black
7333_G9,black
8049_H3,black
19906_A9,black
19913_H8,black
19912_G3,black
18262_E3_mm10,black
20037_E2,black
19917_D3,black
7330_D1,black
18262_E12_mm10,black
7331_E9,black
8088_G9,black
8048_G1,black
8043_B12,black
8045_D12,black
8049_H4,black
20029_D8,black
19913_H3,black
8045_D4,black
18265_C9_mm10,black
18273_D8_mm10,black
8089_H11,black
18268_F3_mm10,black
8047_F4,black
8043_B1,black
8043_B11,black
8047_F1,black
19911_F11,black
18261_D4_mm10,black
7331_E2,black
18259_B4_mm10,black
8047_F2,black
7332_F8,black
7328_B11,black
18259_B7_mm10,black
19908_C6,black
8087_F10,black
19909_D4,black
20031_F5,black
18258_A5_mm10,black
8042_A6,black
18261_D8_mm10,black
19911_F10,black
18260_C1_mm10,black
18268_F8_mm10,black
18272_C6_mm10,black
18267_E4_mm10,black
18269_G5_mm10,black
8042_A12,black
8046_E9,black
18269_G4_mm10,black
18261_D5_mm10,black
8044_C1,black
18260_C10_mm10,black
7330_D9,black
20030_E8,black
20030_E7,black
18267_E8_mm10,black
20034_B5,black
19906_A4,black
20037_E9,black
18265_C2_mm10,black
18314_D8_mm10,black
18315_E4_mm10,black
20035_C1,black
19908_C9,black
20030_E6,black
19909_D6,black
19909_D2,black
19907_B7,black
19915_B11,black
18267_E7_mm10,black
18272_C1_mm10,black
18263_A3_mm10,black
18274_E11_mm10,black
20034_B10,black
19916_C8,black
20035_C5,black
20027_B7,black
19913_H10,black
7330_D12,black
19910_E4,black
19909_D7,black
19912_G8,black
18260_C6_mm10,black
8044_C11,black
18259_B8_mm10,black
18263_A8_mm10,black
19908_C5,black
8042_A11,black
19909_D8,black
19906_A6,black
19912_G9,black
8045_D1,black
18263_A4_mm10,black
19912_G4,black
18263_A12_mm10,black
8087_F5,black
8087_F11,black
8087_F1,black
7333_G3,black
8047_F7,black
19906_A8,black
20036_D1,black
20028_C10,black
19911_F2,black
8089_H2,black
19906_A5,black
19913_H7,black
19914_A7,black
19906_A7,black
19907_B1,black
18266_D1_mm10,black
20033_A2,black
18260_C9_mm10,black
8045_D11,black
18268_F7_mm10,black
8089_H4,black
8044_C8,black
19907_B10,black
19912_G11,black
19913_H6,black
19909_D1,black
19915_B1,black
18268_F10_mm10,black
19907_B6,black
18267_E2_mm10,black
18275_F3_mm10,black
18259_B5_mm10,black
19913_H2,black
18262_E1_mm10,black
8088_G1,black
8087_F3,black
8088_G7,black
18270_A8_mm10,black
19914_A2,black
8045_D6,black
18267_E10_mm10,black
18273_D6_mm10,black
18260_C3_mm10,black
8049_H7,black
7334_H1,black
18264_B1_mm10,black
8087_F9,black
20030_E4,black
20038_F8,black
19913_H12,black
20031_F12,black
20029_D5,black
18260_C2_mm10,black
18315_E12_mm10,black
8042_A8,black
7334_H7,black
8088_G10,black
18258_A8_mm10,black
18276_G3_mm10,black
19914_A8,black
19906_A12,black
8042_A9,black
20026_A3,black
19909_D3,black
8049_H5,black
18259_B9_mm10,black
7332_F3,black
8047_F11,black
8045_D2,black
19910_E3,black
8049_H2,black
20027_B6,black
20036_D10,black
20028_C1,black
20028_C11,black
18265_C1_mm10,black
18275_F11_mm10,black
20036_D6,black
20030_E10,black
18263_A11_mm10,black
7332_F1,black
18261_D3_mm10,black
19911_F8,black
18260_C5_mm10,black
19908_C11,black
19908_C2,black
19906_A11,black
19907_B8,black
19907_B12,black
19909_D12,black
20030_E3,black
19912_G12,black
8043_B3,black
18259_B6_mm10,black
19910_E9,black
20036_D5,black
20027_B8,black
20029_D3,black
20027_B2,black
18265_C3_mm10,black
8089_H9,black
18258_A11_mm10,black
7331_E3,black
8043_B6,black
7331_E6,black
7329_C6,black
20031_F1,black
19910_E11,black
18261_D10_mm10,black
18265_C8_mm10,black
18266_D9_mm10,black
19910_E10,black
18268_F12_mm10,black
8043_B5,black
18314_D9_mm10,black
20038_F6,black
19914_A9,black
8042_A1,black
8045_D5,black
20030_E5,black
18276_G7_mm10,black
20032_G4,black
19911_F4,black
18261_D7_mm10,black
19911_F3,black
19914_A6,black
19910_E5,black
8088_G5,black
19914_A1,black
18273_D1_mm10,black
18316_F8_mm10,black
20034_B11,black
18314_D4_mm10,black
18311_A4_mm10,black
20042_D8,black
20036_D12,black
20034_B7,black
19917_D6,black
18265_C10_mm10,black
20029_D2,black
18263_A10_mm10,black
7332_F6,black
18269_G9_mm10,black
19911_F5,black
19906_A3,black
18313_C12_mm10,black
18268_F9_mm10,black
20035_C10,black
20028_C8,black
7329_C4,black
8048_G10,black
19914_A11,black
7333_G1,black
18275_F2_mm10,black
18276_G5_mm10,black
20029_D9,black
18276_G6_mm10,black
18274_E10_mm10,black
18275_F5_mm10,black
18263_A7_mm10,black
18268_F1_mm10,black
18266_D10_mm10,black
18269_G2_mm10,black
8044_C3,black
18268_F4_mm10,black
19910_E8,black
20029_D12,black
19907_B5,black
8043_B9,black
18259_B3_mm10,black
20027_B10,black
18272_C9_mm10,black
20042_D12,black
18273_D4_mm10,black
18274_E2_mm10,black
20047_D11,black
20031_F6,black
18276_G9_mm10,black
20026_A10,black
20037_E3,black
20035_C6,black
20028_C6,black
18267_E3_mm10,black
18276_G2_mm10,black
20035_C11,black
18266_D6_mm10,black
18313_C8_mm10,black
18317_G7_mm10,black
18267_E12_mm10,black
20029_D7,black
20030_E2,black
20028_C7,black
20027_B3,black
18272_C4_mm10,black
20027_B5,black
18270_A1_mm10,black
18274_E1_mm10,black
20039_A10,black
20039_A8,black
20047_D5,black
20039_A5,black
20048_E5,black
20040_B9,black
18317_G6_mm10,black
18253_C1_mm10,black
20048_E10,black
18272_C3_mm10,black
18266_D8_mm10,black
18266_D2_mm10,black
18266_D7_mm10,black
18275_F1_mm10,black
18268_F5_mm10,black
18271_B11_mm10,black
18251_A11_mm10,black
18270_A3_mm10,cyan
18275_F12_mm10,cyan
18275_F9_mm10,cyan
18274_E5_mm10,cyan
18253_C4_mm10,cyan
18257_G3_mm10,cyan
20035_C8,cyan
18251_A6_mm10,cyan
18256_F3_mm10,cyan
18254_D9_mm10,cyan
18313_C2_mm10,cyan
18251_A7_mm10,cyan
18271_B4_mm10,cyan
18254_D3_mm10,cyan
18251_A10_mm10,cyan
18251_A1_mm10,cyan
18251_A12_mm10,cyan
20040_B4,cyan
20043_E3,cyan
18251_A2_mm10,cyan
18272_C5_mm10,cyan
18272_C10_mm10,cyan
18272_C7_mm10,cyan
18271_B9_mm10,cyan
20038_F12,cyan
20029_D4,cyan
18272_C11_mm10,cyan
18256_F11_mm10,cyan
20039_A9,cyan
18271_B6_mm10,cyan
18253_C8_mm10,cyan
18270_A10_mm10,cyan
18270_A12_mm10,cyan
20046_C5,cyan
20035_C4,cyan
18271_B5_mm10,cyan
20033_A3,cyan
20036_D3,cyan
18275_F7_mm10,cyan
18264_B4_mm10,cyan
18264_B6_mm10,cyan
20029_D6,cyan
20030_E1,cyan
18316_F1_mm10,cyan
18256_F8_mm10,cyan
20042_D5,cyan
20036_D4,cyan
20043_E5,cyan
20038_F2,cyan
20035_C9,cyan
18274_E9_mm10,cyan
18271_B10_mm10,cyan
18273_D11_mm10,cyan
18256_F1_mm10,cyan
18252_B10_mm10,cyan
20028_C12,cyan
20028_C2,cyan
20034_B3,orange
19916_C5,orange
18254_D10_mm10,orange
8088_G8,orange
20032_G2,orange
19912_G10,yellow
18313_C11_mm10,yellow
18312_B12_mm10,yellow
20046_C4,yellow
18252_B3_mm10,yellow
18316_F2_mm10,yellow
18255_E12_mm10,yellow
20043_E4,yellow
18255_E3_mm10,yellow
18312_B2_mm10,yellow
7327_A9,purple
19915_B2,purple
19916_C10,purple
19915_B8,purple
19908_C1,purple
20035_C3,purple
18257_G4_mm10,purple
18311_A1_mm10,blue
18317_G5_mm10,blue
18251_A8_mm10,blue
18311_A12_mm10,blue
20046_C6,blue
19916_C6,blue
18317_G1_mm10,blue
18313_C3_mm10,blue
20039_A2,blue
18312_B5_mm10,blue
20047_D9,blue
20045_B1,blue
20046_C12,blue
18316_F10_mm10,blue
20046_C9,blue
20045_B10,blue
20048_E2,blue
20045_B9,blue
20044_A1,blue
20046_C10,blue
19917_D4,blue
18256_F6_mm10,blue
18314_D11_mm10,blue
20048_E1,blue
19915_B7,blue
20041_C11,blue
18255_E6_mm10,blue
18275_F4_mm10,blue
19916_C3,blue
18254_D7_mm10,blue
19916_C11,blue
18253_C12_mm10,blue
18253_C9_mm10,blue
18317_G9_mm10,blue
20045_B2,blue
20033_A4,blue
20046_C1,blue
18253_C5_mm10,blue
19915_B4,blue
18256_F9_mm10,blue
18256_F5_mm10,blue
20048_E4,blue
20047_D4,blue
20046_C11,blue
19916_C7,blue
20047_D1,blue
18317_G8_mm10,blue
18314_D2_mm10,blue
18311_A8_mm10,blue
18316_F9_mm10,blue
20042_D6,blue
18271_B1_mm10,blue
20047_D3,blue
18253_C7_mm10,blue
18254_D4_mm10,blue
18252_B5_mm10,blue
20049_F2,blue
20041_C4,blue
20039_A3,blue
18254_D1_mm10,blue
20040_B7,blue
20048_E6,blue
20049_F8,blue
18254_D11_mm10,blue
18251_A4_mm10,blue
18257_G2_mm10,blue
18254_D8_mm10,blue
18253_C6_mm10,blue
20044_A6,blue
18252_B2_mm10,blue
18313_C6_mm10,blue
20044_A4,blue
20049_F7,blue
20045_B4,blue
20033_A6,blue
18317_G3_mm10,blue
20047_D2,blue
20044_A2,blue
20039_A6,blue
20046_C3,blue
18311_A2_mm10,blue
18273_D3_mm10,blue
20046_C2,blue
20048_E9,blue
20045_B11,blue
20044_A11,blue
20045_B12,blue
19915_B12,blue
19917_D5,blue
19917_D2,blue
19915_B3,blue
20044_A3,blue
20047_D10,blue
18312_B1_mm10,blue
18270_A9_mm10,blue
18315_E2_mm10,blue
20049_F1,blue
18255_E1_mm10,blue
18252_B4_mm10,blue
20045_B6,YellowGreen
20045_B3,YellowGreen
19916_C9,YellowGreen
20036_D8,YellowGreen
19910_E12,YellowGreen
18314_D10_mm10,YellowGreen
20037_E7,YellowGreen
20035_C7,YellowGreen
18273_D9_mm10,blue
20041_C12,blue
18274_E8_mm10,blue
20041_C5,blue
20042_D1,blue
20042_D3,blue
20039_A11,blue
20047_D12,blue
20048_E3,blue
20049_F4,blue
20039_A7,blue
20049_F5,blue
18312_B9_mm10,blue
20034_B9,blue
20041_C6,blue
20040_B3,blue
18313_C4_mm10,blue
18313_C5_mm10,blue
18257_G5_mm10,blue
20041_C10,blue
20040_B8,blue
20038_F9,blue
19916_C4,blue
20027_B1,blue
20040_B10,blue
18256_F4_mm10,blue
18253_C3_mm10,blue
18252_B9_mm10,blue
18267_E5_mm10,blue
18276_G4_mm10,blue
18271_B12_mm10,blue
18273_D12_mm10,blue
20044_A9,blue
20041_C7,blue
20041_C9,blue
20042_D7,blue
20039_A12,blue
18257_G8_mm10,blue
20040_B5,blue
18253_C10_mm10,blue
20045_B5,magenta
18274_E4_mm10,magenta
18312_B10_mm10,magenta
20039_A4,magenta
20041_C2,magenta
20042_D9,magenta
18255_E10_mm10,magenta
19912_G1,magenta
20037_E8,black
20038_F3,black
