C1_e10.5_mouse_limb_run1_June6_2016	barbara-wold:18042_A1,barbara-wold:18042_A11,barbara-wold:18042_A12,barbara-wold:18042_A2,barbara-wold:18042_A3,barbara-wold:18042_A4,barbara-wold:18042_A5,barbara-wold:18042_A6,barbara-wold:18042_A7,barbara-wold:18042_A8,barbara-wold:18042_A9,barbara-wold:18043_B1,barbara-wold:18043_B10,barbara-wold:18043_B11,barbara-wold:18043_B12,barbara-wold:18043_B2,barbara-wold:18043_B3,barbara-wold:18043_B4,barbara-wold:18043_B5,barbara-wold:18043_B6,barbara-wold:18043_B7,barbara-wold:18043_B8,barbara-wold:18043_B9,barbara-wold:18044_C1,barbara-wold:18044_C10,barbara-wold:18044_C11,barbara-wold:18044_C12,barbara-wold:18044_C2,barbara-wold:18044_C3,barbara-wold:18044_C4,barbara-wold:18044_C5,barbara-wold:18044_C6,barbara-wold:18044_C7,barbara-wold:18044_C8,barbara-wold:18044_C9,barbara-wold:18045_D1,barbara-wold:18045_D10,barbara-wold:18045_D11,barbara-wold:18045_D12,barbara-wold:18045_D2,barbara-wold:18045_D4,barbara-wold:18045_D5,barbara-wold:18045_D6,barbara-wold:18045_D7,barbara-wold:18045_D8,barbara-wold:18046_E1,barbara-wold:18046_E10,barbara-wold:18046_E2,barbara-wold:18046_E3,barbara-wold:18046_E6,barbara-wold:18046_E7,barbara-wold:18046_E8,barbara-wold:18046_E9,barbara-wold:18047_F1,barbara-wold:18047_F10,barbara-wold:18047_F11,barbara-wold:18047_F12,barbara-wold:18047_F2,barbara-wold:18047_F3,barbara-wold:18047_F4,barbara-wold:18047_F5,barbara-wold:18047_F6,barbara-wold:18047_F7,barbara-wold:18047_F8,barbara-wold:18047_F9,barbara-wold:18048_G1,barbara-wold:18048_G10,barbara-wold:18048_G11,barbara-wold:18048_G12,barbara-wold:18048_G2,barbara-wold:18048_G3,barbara-wold:18048_G4,barbara-wold:18048_G5,barbara-wold:18048_G6,barbara-wold:18048_G7,barbara-wold:18048_G8,barbara-wold:18049_H1,barbara-wold:18049_H10,barbara-wold:18049_H11,barbara-wold:18049_H2,barbara-wold:18049_H3,barbara-wold:18049_H4,barbara-wold:18049_H5,barbara-wold:18049_H6,barbara-wold:18049_H7,barbara-wold:18049_H8,barbara-wold:18049_H9
C1_e10.5_mouse_limb_run2_June20_2016	barbara-wold:17327_A10,barbara-wold:17327_A11,barbara-wold:17327_A12,barbara-wold:17327_A2,barbara-wold:17327_A3,barbara-wold:17327_A4,barbara-wold:17327_A5,barbara-wold:17327_A7,barbara-wold:17327_A8,barbara-wold:17327_A9,barbara-wold:17328_B1,barbara-wold:17328_B11,barbara-wold:17328_B12,barbara-wold:17328_B4,barbara-wold:17328_B5,barbara-wold:17328_B6,barbara-wold:17328_B8,barbara-wold:17329_C1,barbara-wold:17329_C10,barbara-wold:17329_C2,barbara-wold:17329_C4,barbara-wold:17329_C5,barbara-wold:17329_C6,barbara-wold:17329_C7,barbara-wold:17329_C8,barbara-wold:17329_C9,barbara-wold:17330_D1,barbara-wold:17330_D12,barbara-wold:17330_D2,barbara-wold:17330_D3,barbara-wold:17330_D4,barbara-wold:17330_D5,barbara-wold:17330_D8,barbara-wold:17330_D9,barbara-wold:17331_E1,barbara-wold:17331_E2,barbara-wold:17331_E3,barbara-wold:17331_E6,barbara-wold:17331_E7,barbara-wold:17331_E8,barbara-wold:17331_E9,barbara-wold:17332_F1,barbara-wold:17332_F2,barbara-wold:17332_F3,barbara-wold:17332_F6,barbara-wold:17332_F7,barbara-wold:17332_F8,barbara-wold:17332_F9,barbara-wold:17333_G1,barbara-wold:17333_G2,barbara-wold:17333_G3,barbara-wold:17333_G6,barbara-wold:17333_G9,barbara-wold:17334_H1,barbara-wold:17334_H3,barbara-wold:17334_H7
C1_e10.5_mouse_limb_run3_Dec5_2016	barbara-wold:18087_F1,barbara-wold:18087_F10,barbara-wold:18087_F11,barbara-wold:18087_F12,barbara-wold:18087_F2,barbara-wold:18087_F3,barbara-wold:18087_F4,barbara-wold:18087_F5,barbara-wold:18087_F7,barbara-wold:18087_F9,barbara-wold:18088_G1,barbara-wold:18088_G10,barbara-wold:18088_G11,barbara-wold:18088_G12,barbara-wold:18088_G2,barbara-wold:18088_G3,barbara-wold:18088_G5,barbara-wold:18088_G6,barbara-wold:18088_G7,barbara-wold:18088_G8,barbara-wold:18088_G9,barbara-wold:18089_H1,barbara-wold:18089_H10,barbara-wold:18089_H11,barbara-wold:18089_H2,barbara-wold:18089_H3,barbara-wold:18089_H4,barbara-wold:18089_H5,barbara-wold:18089_H6,barbara-wold:18089_H7,barbara-wold:18089_H8,barbara-wold:18089_H9
C1_mouse_e10.5_forelimb_run15_January13AM_2018	barbara-wold:19912_G10,barbara-wold:19912_G11,barbara-wold:19912_G12,barbara-wold:19912_G7,barbara-wold:19912_G8,barbara-wold:19912_G9,barbara-wold:19913_H1,barbara-wold:19913_H10,barbara-wold:19913_H11,barbara-wold:19913_H12,barbara-wold:19913_H2,barbara-wold:19913_H3,barbara-wold:19913_H4,barbara-wold:19913_H5,barbara-wold:19913_H6,barbara-wold:19913_H7,barbara-wold:19913_H8,barbara-wold:19913_H9
C1_mouse_e11.0_forelimb_run16_January13PM_2018	barbara-wold:19914_A1,barbara-wold:19914_A10,barbara-wold:19914_A11,barbara-wold:19914_A12,barbara-wold:19914_A2,barbara-wold:19914_A3,barbara-wold:19914_A4,barbara-wold:19914_A5,barbara-wold:19914_A6,barbara-wold:19914_A7,barbara-wold:19914_A8,barbara-wold:19914_A9,barbara-wold:19915_B1,barbara-wold:19915_B2
C1_mouse_e11.0_limb_mesenchyme_mm10_run5	barbara-wold:18258_A1,barbara-wold:18258_A10,barbara-wold:18258_A11,barbara-wold:18258_A12,barbara-wold:18258_A2,barbara-wold:18258_A3,barbara-wold:18258_A5,barbara-wold:18258_A6,barbara-wold:18258_A7,barbara-wold:18258_A8,barbara-wold:18258_A9,barbara-wold:18259_B1,barbara-wold:18259_B10,barbara-wold:18259_B11,barbara-wold:18259_B12,barbara-wold:18259_B2,barbara-wold:18259_B3,barbara-wold:18259_B4,barbara-wold:18259_B5,barbara-wold:18259_B6,barbara-wold:18259_B7,barbara-wold:18259_B8,barbara-wold:18259_B9,barbara-wold:18260_C1,barbara-wold:18260_C10,barbara-wold:18260_C11,barbara-wold:18260_C12,barbara-wold:18260_C2,barbara-wold:18260_C3,barbara-wold:18260_C4,barbara-wold:18260_C5,barbara-wold:18260_C6,barbara-wold:18260_C7,barbara-wold:18260_C8,barbara-wold:18260_C9,barbara-wold:18261_D1,barbara-wold:18261_D10,barbara-wold:18261_D11,barbara-wold:18261_D12,barbara-wold:18261_D2,barbara-wold:18261_D3,barbara-wold:18261_D4,barbara-wold:18261_D5,barbara-wold:18261_D6,barbara-wold:18261_D7,barbara-wold:18261_D8,barbara-wold:18261_D9,barbara-wold:18262_E1,barbara-wold:18262_E10,barbara-wold:18262_E11,barbara-wold:18262_E12,barbara-wold:18262_E2,barbara-wold:18262_E3,barbara-wold:18262_E5,barbara-wold:18262_E6,barbara-wold:18262_E7,barbara-wold:18262_E8,barbara-wold:18262_E9
C1_mouse_e11.5_forelimb_run10_December11_2017	barbara-wold:19906_A1,barbara-wold:19906_A10,barbara-wold:19906_A11,barbara-wold:19906_A12,barbara-wold:19906_A2,barbara-wold:19906_A3,barbara-wold:19906_A4,barbara-wold:19906_A5,barbara-wold:19906_A6,barbara-wold:19906_A7,barbara-wold:19906_A8,barbara-wold:19906_A9,barbara-wold:19907_B1,barbara-wold:19907_B10,barbara-wold:19907_B11,barbara-wold:19907_B12,barbara-wold:19907_B2,barbara-wold:19907_B3,barbara-wold:19907_B4,barbara-wold:19907_B5,barbara-wold:19907_B6,barbara-wold:19907_B7,barbara-wold:19907_B8,barbara-wold:19907_B9,barbara-wold:19908_C1,barbara-wold:19908_C10,barbara-wold:19908_C11,barbara-wold:19908_C12,barbara-wold:19908_C2,barbara-wold:19908_C3,barbara-wold:19908_C4,barbara-wold:19908_C5,barbara-wold:19908_C6,barbara-wold:19908_C7,barbara-wold:19908_C8,barbara-wold:19908_C9,barbara-wold:19909_D1,barbara-wold:19909_D10,barbara-wold:19909_D11,barbara-wold:19909_D12,barbara-wold:19909_D2,barbara-wold:19909_D3,barbara-wold:19909_D4,barbara-wold:19909_D5,barbara-wold:19909_D6,barbara-wold:19909_D7,barbara-wold:19909_D8,barbara-wold:19909_D9,barbara-wold:19910_E1,barbara-wold:19910_E10,barbara-wold:19910_E11,barbara-wold:19910_E12,barbara-wold:19910_E2,barbara-wold:19910_E3,barbara-wold:19910_E4,barbara-wold:19910_E5,barbara-wold:19910_E6,barbara-wold:19910_E7,barbara-wold:19910_E8,barbara-wold:19910_E9,barbara-wold:19911_F1,barbara-wold:19911_F10,barbara-wold:19911_F11,barbara-wold:19911_F12,barbara-wold:19911_F2,barbara-wold:19911_F3,barbara-wold:19911_F4,barbara-wold:19911_F5,barbara-wold:19911_F6,barbara-wold:19911_F7,barbara-wold:19911_F8,barbara-wold:19911_F9,barbara-wold:19912_G1,barbara-wold:19912_G2,barbara-wold:19912_G3,barbara-wold:19912_G4,barbara-wold:19912_G6
C1_mouse_e11.5_limb_mesenchyme_mm10_run6	barbara-wold:18263_A10,barbara-wold:18263_A11,barbara-wold:18263_A12,barbara-wold:18263_A2,barbara-wold:18263_A3,barbara-wold:18263_A4,barbara-wold:18263_A5,barbara-wold:18263_A6,barbara-wold:18263_A7,barbara-wold:18263_A8,barbara-wold:18263_A9,barbara-wold:18264_B1,barbara-wold:18264_B10,barbara-wold:18264_B11,barbara-wold:18264_B12,barbara-wold:18264_B2,barbara-wold:18264_B3,barbara-wold:18264_B4,barbara-wold:18264_B5,barbara-wold:18264_B6,barbara-wold:18264_B7,barbara-wold:18264_B8,barbara-wold:18264_B9,barbara-wold:18265_C1,barbara-wold:18265_C10,barbara-wold:18265_C11,barbara-wold:18265_C12,barbara-wold:18265_C2,barbara-wold:18265_C3,barbara-wold:18265_C4,barbara-wold:18265_C5,barbara-wold:18265_C6,barbara-wold:18265_C7,barbara-wold:18265_C8,barbara-wold:18265_C9,barbara-wold:18266_D1,barbara-wold:18266_D10,barbara-wold:18266_D11,barbara-wold:18266_D12,barbara-wold:18266_D2,barbara-wold:18266_D3,barbara-wold:18266_D4,barbara-wold:18266_D5,barbara-wold:18266_D6,barbara-wold:18266_D7,barbara-wold:18266_D8,barbara-wold:18266_D9,barbara-wold:18267_E1,barbara-wold:18267_E10,barbara-wold:18267_E11,barbara-wold:18267_E12,barbara-wold:18267_E2,barbara-wold:18267_E3,barbara-wold:18267_E4,barbara-wold:18267_E5,barbara-wold:18267_E6,barbara-wold:18267_E7,barbara-wold:18267_E8,barbara-wold:18268_F1,barbara-wold:18268_F10,barbara-wold:18268_F11,barbara-wold:18268_F12,barbara-wold:18268_F2,barbara-wold:18268_F3,barbara-wold:18268_F4,barbara-wold:18268_F5,barbara-wold:18268_F6,barbara-wold:18268_F7,barbara-wold:18268_F8,barbara-wold:18268_F9,barbara-wold:18269_G1,barbara-wold:18269_G10,barbara-wold:18269_G11,barbara-wold:18269_G2,barbara-wold:18269_G3,barbara-wold:18269_G4,barbara-wold:18269_G5,barbara-wold:18269_G7,barbara-wold:18269_G8,barbara-wold:18269_G9
C1_mouse_e12.0_forelimb_run11_December12_2017	barbara-wold:20026_A1,barbara-wold:20026_A10,barbara-wold:20026_A11,barbara-wold:20026_A12,barbara-wold:20026_A2,barbara-wold:20026_A3,barbara-wold:20026_A4,barbara-wold:20026_A5,barbara-wold:20026_A6,barbara-wold:20026_A7,barbara-wold:20026_A8,barbara-wold:20026_A9,barbara-wold:20027_B1,barbara-wold:20027_B10,barbara-wold:20027_B11,barbara-wold:20027_B12,barbara-wold:20027_B2,barbara-wold:20027_B3,barbara-wold:20027_B4,barbara-wold:20027_B5,barbara-wold:20027_B6,barbara-wold:20027_B7,barbara-wold:20027_B8,barbara-wold:20027_B9,barbara-wold:20028_C1,barbara-wold:20028_C10,barbara-wold:20028_C11,barbara-wold:20028_C12,barbara-wold:20028_C2,barbara-wold:20028_C3,barbara-wold:20028_C4,barbara-wold:20028_C5,barbara-wold:20028_C6,barbara-wold:20028_C7,barbara-wold:20028_C8,barbara-wold:20028_C9,barbara-wold:20029_D1,barbara-wold:20029_D10,barbara-wold:20029_D11,barbara-wold:20029_D12,barbara-wold:20029_D2,barbara-wold:20029_D3,barbara-wold:20029_D4,barbara-wold:20029_D5,barbara-wold:20029_D6,barbara-wold:20029_D7,barbara-wold:20029_D8,barbara-wold:20029_D9,barbara-wold:20030_E1,barbara-wold:20030_E10,barbara-wold:20030_E11,barbara-wold:20030_E12,barbara-wold:20030_E2,barbara-wold:20030_E3,barbara-wold:20030_E4,barbara-wold:20030_E5,barbara-wold:20030_E6,barbara-wold:20030_E7,barbara-wold:20030_E8,barbara-wold:20030_E9,barbara-wold:20031_F1,barbara-wold:20031_F10,barbara-wold:20031_F11,barbara-wold:20031_F12,barbara-wold:20031_F2,barbara-wold:20031_F3,barbara-wold:20031_F4,barbara-wold:20031_F5,barbara-wold:20031_F6,barbara-wold:20031_F7,barbara-wold:20031_F8,barbara-wold:20031_F9,barbara-wold:20032_G1,barbara-wold:20032_G2,barbara-wold:20032_G3,barbara-wold:20032_G4,barbara-wold:20032_G5
C1_mouse_e12.5_limb_mesenchyme_mm10_run7	barbara-wold:18270_A1,barbara-wold:18270_A10,barbara-wold:18270_A11,barbara-wold:18270_A12,barbara-wold:18270_A2,barbara-wold:18270_A3,barbara-wold:18270_A4,barbara-wold:18270_A5,barbara-wold:18270_A6,barbara-wold:18270_A7,barbara-wold:18270_A8,barbara-wold:18270_A9,barbara-wold:18271_B1,barbara-wold:18271_B10,barbara-wold:18271_B11,barbara-wold:18271_B12,barbara-wold:18271_B2,barbara-wold:18271_B3,barbara-wold:18271_B4,barbara-wold:18271_B5,barbara-wold:18271_B6,barbara-wold:18271_B7,barbara-wold:18271_B8,barbara-wold:18271_B9,barbara-wold:18272_C1,barbara-wold:18272_C10,barbara-wold:18272_C11,barbara-wold:18272_C12,barbara-wold:18272_C2,barbara-wold:18272_C3,barbara-wold:18272_C4,barbara-wold:18272_C5,barbara-wold:18272_C6,barbara-wold:18272_C7,barbara-wold:18272_C8,barbara-wold:18272_C9,barbara-wold:18273_D1,barbara-wold:18273_D11,barbara-wold:18273_D12,barbara-wold:18273_D2,barbara-wold:18273_D3,barbara-wold:18273_D4,barbara-wold:18273_D5,barbara-wold:18273_D6,barbara-wold:18273_D8,barbara-wold:18273_D9,barbara-wold:18274_E1,barbara-wold:18274_E10,barbara-wold:18274_E11,barbara-wold:18274_E12,barbara-wold:18274_E2,barbara-wold:18274_E3,barbara-wold:18274_E4,barbara-wold:18274_E5,barbara-wold:18274_E6,barbara-wold:18274_E7,barbara-wold:18274_E8,barbara-wold:18274_E9,barbara-wold:18275_F1,barbara-wold:18275_F11,barbara-wold:18275_F12,barbara-wold:18275_F2,barbara-wold:18275_F3,barbara-wold:18275_F4,barbara-wold:18275_F5,barbara-wold:18275_F6,barbara-wold:18275_F7,barbara-wold:18275_F9,barbara-wold:18276_G1,barbara-wold:18276_G2,barbara-wold:18276_G3,barbara-wold:18276_G4,barbara-wold:18276_G5,barbara-wold:18276_G6,barbara-wold:18276_G7,barbara-wold:18276_G9
C1_mouse_e13.0_forelimb_run12_December13_2017	barbara-wold:20033_A1,barbara-wold:20033_A10,barbara-wold:20033_A11,barbara-wold:20033_A12,barbara-wold:20033_A2,barbara-wold:20033_A3,barbara-wold:20033_A4,barbara-wold:20033_A5,barbara-wold:20033_A6,barbara-wold:20033_A7,barbara-wold:20033_A8,barbara-wold:20033_A9,barbara-wold:20034_B1,barbara-wold:20034_B10,barbara-wold:20034_B11,barbara-wold:20034_B12,barbara-wold:20034_B2,barbara-wold:20034_B3,barbara-wold:20034_B4,barbara-wold:20034_B5,barbara-wold:20034_B6,barbara-wold:20034_B7,barbara-wold:20034_B8,barbara-wold:20034_B9,barbara-wold:20035_C1,barbara-wold:20035_C10,barbara-wold:20035_C11,barbara-wold:20035_C12,barbara-wold:20035_C2,barbara-wold:20035_C3,barbara-wold:20035_C4,barbara-wold:20035_C5,barbara-wold:20035_C6,barbara-wold:20035_C7,barbara-wold:20035_C8,barbara-wold:20035_C9,barbara-wold:20036_D1,barbara-wold:20036_D10,barbara-wold:20036_D11,barbara-wold:20036_D12,barbara-wold:20036_D2,barbara-wold:20036_D3,barbara-wold:20036_D4,barbara-wold:20036_D5,barbara-wold:20036_D6,barbara-wold:20036_D7,barbara-wold:20036_D8,barbara-wold:20036_D9,barbara-wold:20037_E1,barbara-wold:20037_E10,barbara-wold:20037_E11,barbara-wold:20037_E12,barbara-wold:20037_E2,barbara-wold:20037_E3,barbara-wold:20037_E4,barbara-wold:20037_E5,barbara-wold:20037_E6,barbara-wold:20037_E7,barbara-wold:20037_E8,barbara-wold:20037_E9,barbara-wold:20038_F1,barbara-wold:20038_F10,barbara-wold:20038_F11,barbara-wold:20038_F12,barbara-wold:20038_F2,barbara-wold:20038_F3,barbara-wold:20038_F4,barbara-wold:20038_F5,barbara-wold:20038_F6,barbara-wold:20038_F7,barbara-wold:20038_F8,barbara-wold:20038_F9
C1_mouse_e13.5_limb_mesenchyme_mm10_run4	barbara-wold:18251_A1,barbara-wold:18251_A10,barbara-wold:18251_A11,barbara-wold:18251_A12,barbara-wold:18251_A2,barbara-wold:18251_A3,barbara-wold:18251_A4,barbara-wold:18251_A5,barbara-wold:18251_A6,barbara-wold:18251_A7,barbara-wold:18251_A8,barbara-wold:18252_B1,barbara-wold:18252_B10,barbara-wold:18252_B11,barbara-wold:18252_B12,barbara-wold:18252_B2,barbara-wold:18252_B3,barbara-wold:18252_B4,barbara-wold:18252_B5,barbara-wold:18252_B8,barbara-wold:18252_B9,barbara-wold:18253_C1,barbara-wold:18253_C10,barbara-wold:18253_C11,barbara-wold:18253_C12,barbara-wold:18253_C3,barbara-wold:18253_C4,barbara-wold:18253_C5,barbara-wold:18253_C6,barbara-wold:18253_C7,barbara-wold:18253_C8,barbara-wold:18253_C9,barbara-wold:18254_D1,barbara-wold:18254_D10,barbara-wold:18254_D11,barbara-wold:18254_D12,barbara-wold:18254_D2,barbara-wold:18254_D3,barbara-wold:18254_D4,barbara-wold:18254_D5,barbara-wold:18254_D7,barbara-wold:18254_D8,barbara-wold:18254_D9,barbara-wold:18255_E1,barbara-wold:18255_E10,barbara-wold:18255_E11,barbara-wold:18255_E12,barbara-wold:18255_E2,barbara-wold:18255_E3,barbara-wold:18255_E4,barbara-wold:18255_E5,barbara-wold:18255_E6,barbara-wold:18255_E7,barbara-wold:18255_E8,barbara-wold:18256_F1,barbara-wold:18256_F11,barbara-wold:18256_F2,barbara-wold:18256_F3,barbara-wold:18256_F4,barbara-wold:18256_F5,barbara-wold:18256_F6,barbara-wold:18256_F7,barbara-wold:18256_F8,barbara-wold:18256_F9,barbara-wold:18257_G2,barbara-wold:18257_G3,barbara-wold:18257_G4,barbara-wold:18257_G5,barbara-wold:18257_G6,barbara-wold:18257_G7,barbara-wold:18257_G8
C1_mouse_e13.5_limb_mesenchyme_mm10_run8	barbara-wold:18311_A1,barbara-wold:18311_A12,barbara-wold:18311_A2,barbara-wold:18311_A4,barbara-wold:18311_A6,barbara-wold:18311_A7,barbara-wold:18311_A8,barbara-wold:18311_A9,barbara-wold:18312_B1,barbara-wold:18312_B10,barbara-wold:18312_B11,barbara-wold:18312_B12,barbara-wold:18312_B2,barbara-wold:18312_B4,barbara-wold:18312_B5,barbara-wold:18312_B6,barbara-wold:18312_B8,barbara-wold:18312_B9,barbara-wold:18313_C1,barbara-wold:18313_C10,barbara-wold:18313_C11,barbara-wold:18313_C12,barbara-wold:18313_C2,barbara-wold:18313_C3,barbara-wold:18313_C4,barbara-wold:18313_C5,barbara-wold:18313_C6,barbara-wold:18313_C7,barbara-wold:18313_C8,barbara-wold:18314_D10,barbara-wold:18314_D11,barbara-wold:18314_D12,barbara-wold:18314_D2,barbara-wold:18314_D3,barbara-wold:18314_D4,barbara-wold:18314_D6,barbara-wold:18314_D7,barbara-wold:18314_D8,barbara-wold:18314_D9,barbara-wold:18315_E10,barbara-wold:18315_E12,barbara-wold:18315_E2,barbara-wold:18315_E4,barbara-wold:18315_E6,barbara-wold:18316_F1,barbara-wold:18316_F10,barbara-wold:18316_F11,barbara-wold:18316_F2,barbara-wold:18316_F3,barbara-wold:18316_F5,barbara-wold:18316_F6,barbara-wold:18316_F7,barbara-wold:18316_F8,barbara-wold:18316_F9,barbara-wold:18317_G1,barbara-wold:18317_G10,barbara-wold:18317_G2,barbara-wold:18317_G3,barbara-wold:18317_G4,barbara-wold:18317_G5,barbara-wold:18317_G6,barbara-wold:18317_G7,barbara-wold:18317_G8,barbara-wold:18317_G9
C1_mouse_e14.0_forelimb_run13_December14_2017	barbara-wold:20039_A1,barbara-wold:20039_A10,barbara-wold:20039_A11,barbara-wold:20039_A12,barbara-wold:20039_A2,barbara-wold:20039_A3,barbara-wold:20039_A4,barbara-wold:20039_A5,barbara-wold:20039_A6,barbara-wold:20039_A7,barbara-wold:20039_A8,barbara-wold:20039_A9,barbara-wold:20040_B1,barbara-wold:20040_B10,barbara-wold:20040_B11,barbara-wold:20040_B12,barbara-wold:20040_B2,barbara-wold:20040_B3,barbara-wold:20040_B4,barbara-wold:20040_B5,barbara-wold:20040_B6,barbara-wold:20040_B7,barbara-wold:20040_B8,barbara-wold:20040_B9,barbara-wold:20041_C1,barbara-wold:20041_C10,barbara-wold:20041_C11,barbara-wold:20041_C12,barbara-wold:20041_C2,barbara-wold:20041_C3,barbara-wold:20041_C4,barbara-wold:20041_C5,barbara-wold:20041_C6,barbara-wold:20041_C7,barbara-wold:20041_C8,barbara-wold:20041_C9,barbara-wold:20042_D1,barbara-wold:20042_D10,barbara-wold:20042_D11,barbara-wold:20042_D12,barbara-wold:20042_D2,barbara-wold:20042_D3,barbara-wold:20042_D4,barbara-wold:20042_D5,barbara-wold:20042_D6,barbara-wold:20042_D7,barbara-wold:20042_D8,barbara-wold:20042_D9,barbara-wold:20043_E1,barbara-wold:20043_E2,barbara-wold:20043_E3,barbara-wold:20043_E4,barbara-wold:20043_E5
C1_mouse_e14.5_forelimb_run17_January16_2018	barbara-wold:19915_B10,barbara-wold:19915_B11,barbara-wold:19915_B12,barbara-wold:19915_B3,barbara-wold:19915_B4,barbara-wold:19915_B6,barbara-wold:19915_B7,barbara-wold:19915_B8,barbara-wold:19915_B9,barbara-wold:19916_C10,barbara-wold:19916_C11,barbara-wold:19916_C12,barbara-wold:19916_C2,barbara-wold:19916_C3,barbara-wold:19916_C4,barbara-wold:19916_C5,barbara-wold:19916_C6,barbara-wold:19916_C7,barbara-wold:19916_C8,barbara-wold:19916_C9,barbara-wold:19917_D1,barbara-wold:19917_D2,barbara-wold:19917_D3,barbara-wold:19917_D4,barbara-wold:19917_D5,barbara-wold:19917_D6,barbara-wold:19917_D7
C1_mouse_e15.5_forelimb_run14_December15_2017	barbara-wold:20044_A1,barbara-wold:20044_A10,barbara-wold:20044_A11,barbara-wold:20044_A12,barbara-wold:20044_A2,barbara-wold:20044_A3,barbara-wold:20044_A4,barbara-wold:20044_A5,barbara-wold:20044_A6,barbara-wold:20044_A9,barbara-wold:20045_B1,barbara-wold:20045_B10,barbara-wold:20045_B11,barbara-wold:20045_B12,barbara-wold:20045_B2,barbara-wold:20045_B3,barbara-wold:20045_B4,barbara-wold:20045_B5,barbara-wold:20045_B6,barbara-wold:20045_B9,barbara-wold:20046_C1,barbara-wold:20046_C10,barbara-wold:20046_C11,barbara-wold:20046_C12,barbara-wold:20046_C2,barbara-wold:20046_C3,barbara-wold:20046_C4,barbara-wold:20046_C5,barbara-wold:20046_C6,barbara-wold:20046_C9,barbara-wold:20047_D1,barbara-wold:20047_D10,barbara-wold:20047_D11,barbara-wold:20047_D12,barbara-wold:20047_D2,barbara-wold:20047_D3,barbara-wold:20047_D4,barbara-wold:20047_D5,barbara-wold:20047_D6,barbara-wold:20047_D9,barbara-wold:20048_E1,barbara-wold:20048_E10,barbara-wold:20048_E11,barbara-wold:20048_E12,barbara-wold:20048_E2,barbara-wold:20048_E3,barbara-wold:20048_E4,barbara-wold:20048_E5,barbara-wold:20048_E6,barbara-wold:20048_E9,barbara-wold:20049_F1,barbara-wold:20049_F2,barbara-wold:20049_F3,barbara-wold:20049_F4,barbara-wold:20049_F5,barbara-wold:20049_F6,barbara-wold:20049_F7,barbara-wold:20049_F8
